Country,Year,Expenditure
Austria,1975,:
Austria,1976,:
Austria,1977,:
Austria,1978,:
Austria,1979,:
Austria,1980,:
Austria,1981,:
Austria,1982,:
Austria,1983,:
Austria,1984,:
Austria,1985,:
Austria,1986,:
Austria,1987,:
Austria,1988,:
Austria,1989,:
Austria,1990,:
Austria,1991,:
Austria,1992,:
Austria,1993,:
Austria,1994,:
Austria,1995,56
Austria,1996,56
Austria,1997,52.7
Austria,1998,52.6
Austria,1999,52.4
Austria,2000,51.4
Austria,2001,51.8
Austria,2002,51.6
Austria,2003,51.8
Austria,2004,54.3
Austria,2005,51.7
Austria,2006,50.9
Austria,2007,49.7
Austria,2008,50.4
Austria,2009,54.6
Austria,2010,53.4
Austria,2011,51.3
Austria,2012,51.8
Austria,2013,52.4
Austria,2014,52.4
Austria,2015,51.2
Austria,2016,50.6
Austria,2017,49.8
Austria,2018,49.2
Austria,2019,49.1
Austria,2020,57.3
Austria,2021,56.0
Austria,2022,53.0
Austria,2023,52.7
Belgium,1975,:
Belgium,1976,:
Belgium,1977,:
Belgium,1978,:
Belgium,1979,:
Belgium,1980,:
Belgium,1981,:
Belgium,1982,:
Belgium,1983,:
Belgium,1984,:
Belgium,1985,:
Belgium,1986,:
Belgium,1987,:
Belgium,1988,:
Belgium,1989,:
Belgium,1990,:
Belgium,1991,:
Belgium,1992,:
Belgium,1993,:
Belgium,1994,:
Belgium,1995,52.6
Belgium,1996,53.1
Belgium,1997,51.6
Belgium,1998,51.0
Belgium,1999,50.5
Belgium,2000,49.4
Belgium,2001,49.4
Belgium,2002,49.9
Belgium,2003,51.0
Belgium,2004,49.3
Belgium,2005,51.9
Belgium,2006,48.8
Belgium,2007,48.6
Belgium,2008,50.8
Belgium,2009,54.5
Belgium,2010,53.9
Belgium,2011,55.0
Belgium,2012,56.2
Belgium,2013,55.9
Belgium,2014,55.4
Belgium,2015,53.9
Belgium,2016,53.4
Belgium,2017,52.3
Belgium,2018,52.5
Belgium,2019,51.8
Belgium,2020,58.5
Belgium,2021,54.9
Belgium,2022,52.2
Belgium,2023,53.3
Bulgaria,1975,:
Bulgaria,1976,:
Bulgaria,1977,:
Bulgaria,1978,:
Bulgaria,1979,:
Bulgaria,1980,:
Bulgaria,1981,:
Bulgaria,1982,:
Bulgaria,1983,:
Bulgaria,1984,:
Bulgaria,1985,:
Bulgaria,1986,:
Bulgaria,1987,:
Bulgaria,1988,:
Bulgaria,1989,:
Bulgaria,1990,:
Bulgaria,1991,:
Bulgaria,1992,:
Bulgaria,1993,:
Bulgaria,1994,:
Bulgaria,1995,31.8
Bulgaria,1996,36.8
Bulgaria,1997,31.8
Bulgaria,1998,33.9
Bulgaria,1999,41.5
Bulgaria,2000,43.0
Bulgaria,2001,40.6
Bulgaria,2002,39.1
Bulgaria,2003,38.6
Bulgaria,2004,37.8
Bulgaria,2005,36.7
Bulgaria,2006,33.7
Bulgaria,2007,37.7
Bulgaria,2008,37.1
Bulgaria,2009,39.3
Bulgaria,2010,36.1
Bulgaria,2011,33.7
Bulgaria,2012,34.3
Bulgaria,2013,37.8
Bulgaria,2014,43.2
Bulgaria,2015,40.4
Bulgaria,2016,34.8
Bulgaria,2017,34.8
Bulgaria,2018,37.0
Bulgaria,2019,36.4
Bulgaria,2020,41.3
Bulgaria,2021,41.5
Bulgaria,2022,41.2
Bulgaria,2023,38.8
Croatia,1975,:
Croatia,1976,:
Croatia,1977,:
Croatia,1978,:
Croatia,1979,:
Croatia,1980,:
Croatia,1981,:
Croatia,1982,:
Croatia,1983,:
Croatia,1984,:
Croatia,1985,:
Croatia,1986,:
Croatia,1987,:
Croatia,1988,:
Croatia,1989,:
Croatia,1990,:
Croatia,1991,:
Croatia,1992,:
Croatia,1993,:
Croatia,1994,:
Croatia,1995,57.9
Croatia,1996,57.1
Croatia,1997,53.8
Croatia,1998,54.5
Croatia,1999,56.5
Croatia,2000,54.6
Croatia,2001,50.6
Croatia,2002,49.2
Croatia,2003,49.6
Croatia,2004,49.0
Croatia,2005,46.5
Croatia,2006,44.6
Croatia,2007,46.3
Croatia,2008,46.3
Croatia,2009,49.2
Croatia,2010,48.1
Croatia,2011,48.6
Croatia,2012,47.3
Croatia,2013,47.9
Croatia,2014,48.7
Croatia,2015,47.5
Croatia,2016,45.9
Croatia,2017,44.3
Croatia,2018,45.1
Croatia,2019,46.3
Croatia,2020,53.7
Croatia,2021,48.1
Croatia,2022,44.9
Croatia,2023,46.6
Cyprus,1975,:
Cyprus,1976,:
Cyprus,1977,:
Cyprus,1978,:
Cyprus,1979,:
Cyprus,1980,:
Cyprus,1981,:
Cyprus,1982,:
Cyprus,1983,:
Cyprus,1984,:
Cyprus,1985,:
Cyprus,1986,:
Cyprus,1987,:
Cyprus,1988,:
Cyprus,1989,:
Cyprus,1990,:
Cyprus,1991,:
Cyprus,1992,:
Cyprus,1993,:
Cyprus,1994,:
Cyprus,1995,32.5
Cyprus,1996,34.4
Cyprus,1997,35.9
Cyprus,1998,35.9
Cyprus,1999,35.9
Cyprus,2000,36.4
Cyprus,2001,37.1
Cyprus,2002,38.9
Cyprus,2003,42.9
Cyprus,2004,40.9
Cyprus,2005,41.5
Cyprus,2006,41.0
Cyprus,2007,40.1
Cyprus,2008,40.8
Cyprus,2009,44.9
Cyprus,2010,44.5
Cyprus,2011,44.9
Cyprus,2012,54.6
Cyprus,2013,46.3
Cyprus,2014,52.1
Cyprus,2015,43.1
Cyprus,2016,39.6
Cyprus,2017,38.5
Cyprus,2018,44.3
Cyprus,2019,40.3
Cyprus,2020,45.9
Cyprus,2021,42.6
Cyprus,2022,37.9
Cyprus,2023,41.9
Czechia,1975,:
Czechia,1976,:
Czechia,1977,:
Czechia,1978,:
Czechia,1979,:
Czechia,1980,:
Czechia,1981,:
Czechia,1982,:
Czechia,1983,:
Czechia,1984,:
Czechia,1985,:
Czechia,1986,:
Czechia,1987,:
Czechia,1988,:
Czechia,1989,:
Czechia,1990,:
Czechia,1991,:
Czechia,1992,:
Czechia,1993,:
Czechia,1994,:
Czechia,1995,52.8
Czechia,1996,41.4
Czechia,1997,41.3
Czechia,1998,41.6
Czechia,1999,40.9
Czechia,2000,40.6
Czechia,2001,43.1
Czechia,2002,44.4
Czechia,2003,49.0
Czechia,2004,42.2
Czechia,2005,42.3
Czechia,2006,41.5
Czechia,2007,40.5
Czechia,2008,40.9
Czechia,2009,44.5
Czechia,2010,43.2
Czechia,2011,42.8
Czechia,2012,44.4
Czechia,2013,42.4
Czechia,2014,42.3
Czechia,2015,41.7
Czechia,2016,39.4
Czechia,2017,38.5
Czechia,2018,40.1
Czechia,2019,40.4
Czechia,2020,46.3
Czechia,2021,45.0
Czechia,2022,43.0
Czechia,2023,43.9
Denmark,1975,:
Denmark,1976,:
Denmark,1977,:
Denmark,1978,:
Denmark,1979,:
Denmark,1980,:
Denmark,1981,:
Denmark,1982,:
Denmark,1983,:
Denmark,1984,:
Denmark,1985,:
Denmark,1986,:
Denmark,1987,:
Denmark,1988,:
Denmark,1989,:
Denmark,1990,:
Denmark,1991,:
Denmark,1992,:
Denmark,1993,:
Denmark,1994,:
Denmark,1995,58.7
Denmark,1996,58.2
Denmark,1997,56.2
Denmark,1998,55.6
Denmark,1999,54.7
Denmark,2000,52.9
Denmark,2001,53.0
Denmark,2002,53.1
Denmark,2003,53.5
Denmark,2004,52.8
Denmark,2005,51.1
Denmark,2006,49.7
Denmark,2007,49.5
Denmark,2008,50.3
Denmark,2009,56.3
Denmark,2010,56.5
Denmark,2011,56.3
Denmark,2012,57.9
Denmark,2013,55.6
Denmark,2014,55.1
Denmark,2015,54.4
Denmark,2016,52.4
Denmark,2017,50.6
Denmark,2018,50.8
Denmark,2019,49.8
Denmark,2020,53.3
Denmark,2021,49.4
Denmark,2022,44.9
Denmark,2023,46.8
Estonia,1975,:
Estonia,1976,:
Estonia,1977,:
Estonia,1978,:
Estonia,1979,:
Estonia,1980,:
Estonia,1981,:
Estonia,1982,:
Estonia,1983,:
Estonia,1984,:
Estonia,1985,:
Estonia,1986,:
Estonia,1987,:
Estonia,1988,:
Estonia,1989,:
Estonia,1990,:
Estonia,1991,:
Estonia,1992,:
Estonia,1993,:
Estonia,1994,:
Estonia,1995,39.7
Estonia,1996,38.9
Estonia,1997,36.7
Estonia,1998,39.1
Estonia,1999,40.1
Estonia,2000,36.4
Estonia,2001,35.3
Estonia,2002,35.9
Estonia,2003,35.0
Estonia,2004,34.1
Estonia,2005,33.7
Estonia,2006,33.5
Estonia,2007,33.8
Estonia,2008,39.5
Estonia,2009,46.1
Estonia,2010,40.7
Estonia,2011,37.6
Estonia,2012,39.4
Estonia,2013,38.3
Estonia,2014,37.6
Estonia,2015,39.3
Estonia,2016,38.9
Estonia,2017,38.9
Estonia,2018,38.8
Estonia,2019,39.1
Estonia,2020,44.7
Estonia,2021,42.1
Estonia,2022,40.0
Estonia,2023,43.3
Euro area - 19 countries  (2015-2022),1975,:
Euro area - 19 countries  (2015-2022),1976,:
Euro area - 19 countries  (2015-2022),1977,:
Euro area - 19 countries  (2015-2022),1978,:
Euro area - 19 countries  (2015-2022),1979,:
Euro area - 19 countries  (2015-2022),1980,:
Euro area - 19 countries  (2015-2022),1981,:
Euro area - 19 countries  (2015-2022),1982,:
Euro area - 19 countries  (2015-2022),1983,:
Euro area - 19 countries  (2015-2022),1984,:
Euro area - 19 countries  (2015-2022),1985,:
Euro area - 19 countries  (2015-2022),1986,:
Euro area - 19 countries  (2015-2022),1987,:
Euro area - 19 countries  (2015-2022),1988,:
Euro area - 19 countries  (2015-2022),1989,:
Euro area - 19 countries  (2015-2022),1990,:
Euro area - 19 countries  (2015-2022),1991,:
Euro area - 19 countries  (2015-2022),1992,:
Euro area - 19 countries  (2015-2022),1993,:
Euro area - 19 countries  (2015-2022),1994,:
Euro area - 19 countries  (2015-2022),1995,53.3
Euro area - 19 countries  (2015-2022),1996,50.7
Euro area - 19 countries  (2015-2022),1997,49.5
Euro area - 19 countries  (2015-2022),1998,48.5
Euro area - 19 countries  (2015-2022),1999,48.1
Euro area - 19 countries  (2015-2022),2000,47.3
Euro area - 19 countries  (2015-2022),2001,47.3
Euro area - 19 countries  (2015-2022),2002,47.6
Euro area - 19 countries  (2015-2022),2003,47.9
Euro area - 19 countries  (2015-2022),2004,47.3
Euro area - 19 countries  (2015-2022),2005,47.2
Euro area - 19 countries  (2015-2022),2006,46.6
Euro area - 19 countries  (2015-2022),2007,45.9
Euro area - 19 countries  (2015-2022),2008,47.1
Euro area - 19 countries  (2015-2022),2009,51.2
Euro area - 19 countries  (2015-2022),2010,51.1
Euro area - 19 countries  (2015-2022),2011,49.6
Euro area - 19 countries  (2015-2022),2012,50.3
Euro area - 19 countries  (2015-2022),2013,50.3
Euro area - 19 countries  (2015-2022),2014,49.6
Euro area - 19 countries  (2015-2022),2015,48.6
Euro area - 19 countries  (2015-2022),2016,47.9
Euro area - 19 countries  (2015-2022),2017,47.4
Euro area - 19 countries  (2015-2022),2018,47.1
Euro area - 19 countries  (2015-2022),2019,47.0
Euro area - 19 countries  (2015-2022),2020,53.6
Euro area - 19 countries  (2015-2022),2021,52.0
Euro area - 19 countries  (2015-2022),2022,50.0
Euro area - 19 countries  (2015-2022),2023,49.5
Euro area – 20 countries (from 2023),1975,:
Euro area – 20 countries (from 2023),1976,:
Euro area – 20 countries (from 2023),1977,:
Euro area – 20 countries (from 2023),1978,:
Euro area – 20 countries (from 2023),1979,:
Euro area – 20 countries (from 2023),1980,:
Euro area – 20 countries (from 2023),1981,:
Euro area – 20 countries (from 2023),1982,:
Euro area – 20 countries (from 2023),1983,:
Euro area – 20 countries (from 2023),1984,:
Euro area – 20 countries (from 2023),1985,:
Euro area – 20 countries (from 2023),1986,:
Euro area – 20 countries (from 2023),1987,:
Euro area – 20 countries (from 2023),1988,:
Euro area – 20 countries (from 2023),1989,:
Euro area – 20 countries (from 2023),1990,:
Euro area – 20 countries (from 2023),1991,:
Euro area – 20 countries (from 2023),1992,:
Euro area – 20 countries (from 2023),1993,:
Euro area – 20 countries (from 2023),1994,:
Euro area – 20 countries (from 2023),1995,53.3
Euro area – 20 countries (from 2023),1996,50.7
Euro area – 20 countries (from 2023),1997,49.5
Euro area – 20 countries (from 2023),1998,48.6
Euro area – 20 countries (from 2023),1999,48.1
Euro area – 20 countries (from 2023),2000,47.3
Euro area – 20 countries (from 2023),2001,47.3
Euro area – 20 countries (from 2023),2002,47.6
Euro area – 20 countries (from 2023),2003,47.9
Euro area – 20 countries (from 2023),2004,47.4
Euro area – 20 countries (from 2023),2005,47.2
Euro area – 20 countries (from 2023),2006,46.6
Euro area – 20 countries (from 2023),2007,45.9
Euro area – 20 countries (from 2023),2008,47.1
Euro area – 20 countries (from 2023),2009,51.1
Euro area – 20 countries (from 2023),2010,51.0
Euro area – 20 countries (from 2023),2011,49.6
Euro area – 20 countries (from 2023),2012,50.3
Euro area – 20 countries (from 2023),2013,50.3
Euro area – 20 countries (from 2023),2014,49.6
Euro area – 20 countries (from 2023),2015,48.6
Euro area – 20 countries (from 2023),2016,47.9
Euro area – 20 countries (from 2023),2017,47.4
Euro area – 20 countries (from 2023),2018,47.0
Euro area – 20 countries (from 2023),2019,47.0
Euro area – 20 countries (from 2023),2020,53.6
Euro area – 20 countries (from 2023),2021,52.0
Euro area – 20 countries (from 2023),2022,50.0
Euro area – 20 countries (from 2023),2023,49.5
European Union - 27 countries (from 2020),1975,:
European Union - 27 countries (from 2020),1976,:
European Union - 27 countries (from 2020),1977,:
European Union - 27 countries (from 2020),1978,:
European Union - 27 countries (from 2020),1979,:
European Union - 27 countries (from 2020),1980,:
European Union - 27 countries (from 2020),1981,:
European Union - 27 countries (from 2020),1982,:
European Union - 27 countries (from 2020),1983,:
European Union - 27 countries (from 2020),1984,:
European Union - 27 countries (from 2020),1985,:
European Union - 27 countries (from 2020),1986,:
European Union - 27 countries (from 2020),1987,:
European Union - 27 countries (from 2020),1988,:
European Union - 27 countries (from 2020),1989,:
European Union - 27 countries (from 2020),1990,:
European Union - 27 countries (from 2020),1991,:
European Union - 27 countries (from 2020),1992,:
European Union - 27 countries (from 2020),1993,:
European Union - 27 countries (from 2020),1994,:
European Union - 27 countries (from 2020),1995,53.5
European Union - 27 countries (from 2020),1996,51.1
European Union - 27 countries (from 2020),1997,49.7
European Union - 27 countries (from 2020),1998,48.8
European Union - 27 countries (from 2020),1999,48.4
European Union - 27 countries (from 2020),2000,47.4
European Union - 27 countries (from 2020),2001,47.4
European Union - 27 countries (from 2020),2002,47.8
European Union - 27 countries (from 2020),2003,48.1
European Union - 27 countries (from 2020),2004,47.4
European Union - 27 countries (from 2020),2005,47.2
European Union - 27 countries (from 2020),2006,46.6
European Union - 27 countries (from 2020),2007,45.8
European Union - 27 countries (from 2020),2008,47.0
European Union - 27 countries (from 2020),2009,50.8
European Union - 27 countries (from 2020),2010,50.7
European Union - 27 countries (from 2020),2011,49.3
European Union - 27 countries (from 2020),2012,50.0
European Union - 27 countries (from 2020),2013,50.0
European Union - 27 countries (from 2020),2014,49.2
European Union - 27 countries (from 2020),2015,48.3
European Union - 27 countries (from 2020),2016,47.5
European Union - 27 countries (from 2020),2017,47.0
European Union - 27 countries (from 2020),2018,46.7
European Union - 27 countries (from 2020),2019,46.6
European Union - 27 countries (from 2020),2020,52.9
European Union - 27 countries (from 2020),2021,51.1
European Union - 27 countries (from 2020),2022,49.2
European Union - 27 countries (from 2020),2023,49.0
Finland,1975,:
Finland,1976,:
Finland,1977,:
Finland,1978,:
Finland,1979,:
Finland,1980,40.1
Finland,1981,41
Finland,1982,42.7
Finland,1983,44.4
Finland,1984,44.4
Finland,1985,46.3
Finland,1986,46.9
Finland,1987,47.7
Finland,1988,46.4
Finland,1989,44.4
Finland,1990,47.9
Finland,1991,56.7
Finland,1992,61.8
Finland,1993,64.1
Finland,1994,62.5
Finland,1995,61
Finland,1996,59.5
Finland,1997,56.1
Finland,1998,52.3
Finland,1999,51.0
Finland,2000,47.9
Finland,2001,47.3
Finland,2002,48.5
Finland,2003,49.3
Finland,2004,49.1
Finland,2005,49.0
Finland,2006,48.1
Finland,2007,46.6
Finland,2008,47.9
Finland,2009,54.1
Finland,2010,54.0
Finland,2011,53.8
Finland,2012,55.7
Finland,2013,57.1
Finland,2014,57.6
Finland,2015,55.7
Finland,2016,55.1
Finland,2017,52.8
Finland,2018,52.7
Finland,2019,52.6
Finland,2020,56.5
Finland,2021,55.1
Finland,2022,52.6
Finland,2023,55.8
France,1975,:
France,1976,:
France,1977,:
France,1978,:
France,1979,:
France,1980,:
France,1981,:
France,1982,:
France,1983,:
France,1984,:
France,1985,:
France,1986,:
France,1987,:
France,1988,:
France,1989,:
France,1990,:
France,1991,:
France,1992,:
France,1993,:
France,1994,:
France,1995,56.1
France,1996,56
France,1997,55.6
France,1998,54.0
France,1999,53.7
France,2000,52.6
France,2001,52.8
France,2002,53.9
France,2003,54.4
France,2004,54.0
France,2005,54.3
France,2006,53.8
France,2007,53.6
France,2008,54.3
France,2009,58.0
France,2010,57.7
France,2011,57.0
France,2012,57.9
France,2013,58.6
France,2014,58.4
France,2015,57.6
France,2016,57.4
France,2017,57.7
France,2018,56.4
France,2019,55.3
France,2020,61.7
France,2021,59.5
France,2022,58.4
France,2023,57.0
Germany,1975,:
Germany,1976,:
Germany,1977,:
Germany,1978,:
Germany,1979,:
Germany,1980,:
Germany,1981,:
Germany,1982,:
Germany,1983,:
Germany,1984,:
Germany,1985,:
Germany,1986,:
Germany,1987,:
Germany,1988,:
Germany,1989,:
Germany,1990,:
Germany,1991,:
Germany,1992,:
Germany,1993,:
Germany,1994,:
Germany,1995,55.2
Germany,1996,49.6
Germany,1997,48.8
Germany,1998,48.3
Germany,1999,48.5
Germany,2000,48.1
Germany,2001,47.7
Germany,2002,48.2
Germany,2003,48.5
Germany,2004,47.0
Germany,2005,46.9
Germany,2006,45.3
Germany,2007,43.5
Germany,2008,44.4
Germany,2009,48.3
Germany,2010,48.1
Germany,2011,45.3
Germany,2012,45.1
Germany,2013,45.2
Germany,2014,44.5
Germany,2015,44.5
Germany,2016,44.7
Germany,2017,44.6
Germany,2018,44.7
Germany,2019,45.6
Germany,2020,51.1
Germany,2021,50.7
Germany,2022,49.0
Germany,2023,48.4
Greece,1975,:
Greece,1976,:
Greece,1977,:
Greece,1978,:
Greece,1979,:
Greece,1980,:
Greece,1981,:
Greece,1982,:
Greece,1983,:
Greece,1984,:
Greece,1985,:
Greece,1986,:
Greece,1987,:
Greece,1988,:
Greece,1989,:
Greece,1990,:
Greece,1991,:
Greece,1992,:
Greece,1993,:
Greece,1994,:
Greece,1995,46.6
Greece,1996,46.1
Greece,1997,45.1
Greece,1998,46.7
Greece,1999,48.0
Greece,2000,48.2
Greece,2001,47.5
Greece,2002,47.1
Greece,2003,47.9
Greece,2004,48.8
Greece,2005,46.6
Greece,2006,45.9
Greece,2007,47.8
Greece,2008,51.5
Greece,2009,54.8
Greece,2010,53.1
Greece,2011,55.1
Greece,2012,57.9
Greece,2013,63.9
Greece,2014,51.5
Greece,2015,54.8
Greece,2016,50.3
Greece,2017,48.6
Greece,2018,48.6
Greece,2019,47.7
Greece,2020,59.3
Greece,2021,56.7
Greece,2022,52.9
Greece,2023,49.5
Hungary,1975,:
Hungary,1976,:
Hungary,1977,:
Hungary,1978,:
Hungary,1979,:
Hungary,1980,:
Hungary,1981,:
Hungary,1982,:
Hungary,1983,:
Hungary,1984,:
Hungary,1985,:
Hungary,1986,:
Hungary,1987,:
Hungary,1988,:
Hungary,1989,:
Hungary,1990,:
Hungary,1991,:
Hungary,1992,:
Hungary,1993,:
Hungary,1994,:
Hungary,1995,55
Hungary,1996,50.9
Hungary,1997,49.5
Hungary,1998,50.7
Hungary,1999,48.9
Hungary,2000,47.3
Hungary,2001,47.2
Hungary,2002,51.0
Hungary,2003,49.2
Hungary,2004,48.8
Hungary,2005,49.4
Hungary,2006,51.4
Hungary,2007,49.9
Hungary,2008,48.8
Hungary,2009,50.7
Hungary,2010,48.9
Hungary,2011,49.1
Hungary,2012,49.2
Hungary,2013,50.1
Hungary,2014,50.0
Hungary,2015,50.4
Hungary,2016,46.7
Hungary,2017,46.6
Hungary,2018,45.9
Hungary,2019,45.8
Hungary,2020,51.0
Hungary,2021,48.1
Hungary,2022,48.7
Hungary,2023,49.5
Iceland,1975,:
Iceland,1976,:
Iceland,1977,:
Iceland,1978,:
Iceland,1979,:
Iceland,1980,:
Iceland,1981,:
Iceland,1982,:
Iceland,1983,:
Iceland,1984,:
Iceland,1985,:
Iceland,1986,:
Iceland,1987,:
Iceland,1988,:
Iceland,1989,:
Iceland,1990,:
Iceland,1991,:
Iceland,1992,:
Iceland,1993,:
Iceland,1994,:
Iceland,1995,:
Iceland,1996,:
Iceland,1997,:
Iceland,1998,40.9
Iceland,1999,45.4
Iceland,2000,44.8
Iceland,2001,47.4
Iceland,2002,45.5
Iceland,2003,47.8
Iceland,2004,46.7
Iceland,2005,45.0
Iceland,2006,44.8
Iceland,2007,44.7
Iceland,2008,63.4
Iceland,2009,53.6
Iceland,2010,48.8
Iceland,2011,50.5
Iceland,2012,47.7
Iceland,2013,46.0
Iceland,2014,45.8
Iceland,2015,43.5
Iceland,2016,46.4
Iceland,2017,44.4
Iceland,2018,43.8
Iceland,2019,43.6
Iceland,2020,51.1
Iceland,2021,49.4
Iceland,2022,46.6
Iceland,2023,45.5
Ireland,1975,:
Ireland,1976,:
Ireland,1977,:
Ireland,1978,:
Ireland,1979,:
Ireland,1980,:
Ireland,1981,:
Ireland,1982,:
Ireland,1983,:
Ireland,1984,:
Ireland,1985,:
Ireland,1986,:
Ireland,1987,:
Ireland,1988,:
Ireland,1989,:
Ireland,1990,:
Ireland,1991,:
Ireland,1992,:
Ireland,1993,:
Ireland,1994,:
Ireland,1995,40.4
Ireland,1996,38.6
Ireland,1997,36.1
Ireland,1998,34.2
Ireland,1999,32.5
Ireland,2000,30.6
Ireland,2001,32.2
Ireland,2002,32.9
Ireland,2003,32.7
Ireland,2004,32.8
Ireland,2005,33.0
Ireland,2006,33.6
Ireland,2007,35.6
Ireland,2008,41.6
Ireland,2009,46.9
Ireland,2010,64.9
Ireland,2011,46.8
Ireland,2012,42.2
Ireland,2013,39.8
Ireland,2014,36.5
Ireland,2015,28.0
Ireland,2016,27.5
Ireland,2017,25.3
Ireland,2018,24.8
Ireland,2019,23.9
Ireland,2020,26.7
Ireland,2021,23.6
Ireland,2022,20.6
Ireland,2023,22.7
Italy,1975,:
Italy,1976,:
Italy,1977,:
Italy,1978,:
Italy,1979,:
Italy,1980,:
Italy,1981,:
Italy,1982,:
Italy,1983,:
Italy,1984,:
Italy,1985,:
Italy,1986,:
Italy,1987,:
Italy,1988,:
Italy,1989,:
Italy,1990,:
Italy,1991,:
Italy,1992,:
Italy,1993,:
Italy,1994,:
Italy,1995,51.4
Italy,1996,51.3
Italy,1997,49.3
Italy,1998,48.0
Italy,1999,47.1
Italy,2000,46.4
Italy,2001,47.1
Italy,2002,46.5
Italy,2003,47.0
Italy,2004,46.7
Italy,2005,47.1
Italy,2006,47.6
Italy,2007,46.6
Italy,2008,47.8
Italy,2009,51.1
Italy,2010,49.8
Italy,2011,49.0
Italy,2012,50.5
Italy,2013,50.9
Italy,2014,50.7
Italy,2015,50.2
Italy,2016,49.0
Italy,2017,48.8
Italy,2018,48.3
Italy,2019,48.4
Italy,2020,56.8
Italy,2021,56.0
Italy,2022,54.9
Italy,2023,53.8
Latvia,1975,:
Latvia,1976,:
Latvia,1977,:
Latvia,1978,:
Latvia,1979,:
Latvia,1980,:
Latvia,1981,:
Latvia,1982,:
Latvia,1983,:
Latvia,1984,:
Latvia,1985,:
Latvia,1986,:
Latvia,1987,:
Latvia,1988,:
Latvia,1989,:
Latvia,1990,:
Latvia,1991,:
Latvia,1992,:
Latvia,1993,:
Latvia,1994,:
Latvia,1995,36.8
Latvia,1996,36.5
Latvia,1997,36.1
Latvia,1998,39.0
Latvia,1999,42.0
Latvia,2000,38.1
Latvia,2001,35.4
Latvia,2002,36.2
Latvia,2003,35.4
Latvia,2004,36.6
Latvia,2005,36.3
Latvia,2006,38.5
Latvia,2007,36.5
Latvia,2008,40.2
Latvia,2009,46.4
Latvia,2010,46.9
Latvia,2011,43.8
Latvia,2012,40.4
Latvia,2013,39.9
Latvia,2014,40.4
Latvia,2015,40.0
Latvia,2016,38.8
Latvia,2017,39.6
Latvia,2018,40.7
Latvia,2019,39.7
Latvia,2020,44.3
Latvia,2021,46.5
Latvia,2022,44.2
Latvia,2023,44.0
Lithuania,1975,:
Lithuania,1976,:
Lithuania,1977,:
Lithuania,1978,:
Lithuania,1979,:
Lithuania,1980,:
Lithuania,1981,:
Lithuania,1982,:
Lithuania,1983,:
Lithuania,1984,:
Lithuania,1985,:
Lithuania,1986,:
Lithuania,1987,:
Lithuania,1988,:
Lithuania,1989,:
Lithuania,1990,:
Lithuania,1991,:
Lithuania,1992,:
Lithuania,1993,:
Lithuania,1994,:
Lithuania,1995,34.4
Lithuania,1996,36.4
Lithuania,1997,50
Lithuania,1998,41.0
Lithuania,1999,40.7
Lithuania,2000,39.4
Lithuania,2001,37.1
Lithuania,2002,35.1
Lithuania,2003,33.6
Lithuania,2004,33.9
Lithuania,2005,34.1
Lithuania,2006,34.4
Lithuania,2007,35.3
Lithuania,2008,38.1
Lithuania,2009,44.8
Lithuania,2010,43.0
Lithuania,2011,40.1
Lithuania,2012,36.6
Lithuania,2013,35.7
Lithuania,2014,35.0
Lithuania,2015,35.2
Lithuania,2016,34.5
Lithuania,2017,33.4
Lithuania,2018,33.7
Lithuania,2019,34.5
Lithuania,2020,42.3
Lithuania,2021,37.3
Lithuania,2022,36.2
Lithuania,2023,37.4
Luxembourg,1975,:
Luxembourg,1976,:
Luxembourg,1977,:
Luxembourg,1978,:
Luxembourg,1979,:
Luxembourg,1980,:
Luxembourg,1981,:
Luxembourg,1982,:
Luxembourg,1983,:
Luxembourg,1984,:
Luxembourg,1985,:
Luxembourg,1986,:
Luxembourg,1987,:
Luxembourg,1988,:
Luxembourg,1989,:
Luxembourg,1990,:
Luxembourg,1991,:
Luxembourg,1992,:
Luxembourg,1993,:
Luxembourg,1994,:
Luxembourg,1995,41.4
Luxembourg,1996,41.7
Luxembourg,1997,41.5
Luxembourg,1998,41.9
Luxembourg,1999,40.2
Luxembourg,2000,38.0
Luxembourg,2001,38.1
Luxembourg,2002,41.8
Luxembourg,2003,43.3
Luxembourg,2004,43.7
Luxembourg,2005,43.4
Luxembourg,2006,39.4
Luxembourg,2007,37.4
Luxembourg,2008,37.9
Luxembourg,2009,42.7
Luxembourg,2010,42.0
Luxembourg,2011,41.5
Luxembourg,2012,41.8
Luxembourg,2013,41.2
Luxembourg,2014,40.6
Luxembourg,2015,40.4
Luxembourg,2016,40.0
Luxembourg,2017,41.3
Luxembourg,2018,42.4
Luxembourg,2019,43.1
Luxembourg,2020,47.0
Luxembourg,2021,42.8
Luxembourg,2022,43.8
Luxembourg,2023,47.9
Malta,1975,:
Malta,1976,:
Malta,1977,:
Malta,1978,:
Malta,1979,:
Malta,1980,:
Malta,1981,:
Malta,1982,:
Malta,1983,:
Malta,1984,:
Malta,1985,:
Malta,1986,:
Malta,1987,:
Malta,1988,:
Malta,1989,:
Malta,1990,:
Malta,1991,:
Malta,1992,:
Malta,1993,:
Malta,1994,:
Malta,1995,39
Malta,1996,41.4
Malta,1997,41.6
Malta,1998,41.2
Malta,1999,41.6
Malta,2000,40.4
Malta,2001,41.7
Malta,2002,41.5
Malta,2003,45.2
Malta,2004,41.8
Malta,2005,42.6
Malta,2006,42.5
Malta,2007,41.2
Malta,2008,42.1
Malta,2009,41.1
Malta,2010,40.1
Malta,2011,41.5
Malta,2012,41.7
Malta,2013,40.1
Malta,2014,39.6
Malta,2015,37.8
Malta,2016,35.5
Malta,2017,32.7
Malta,2018,34.5
Malta,2019,34.9
Malta,2020,42.1
Malta,2021,39.5
Malta,2022,37.8
Malta,2023,36.3
Netherlands,1975,:
Netherlands,1976,:
Netherlands,1977,:
Netherlands,1978,:
Netherlands,1979,:
Netherlands,1980,:
Netherlands,1981,:
Netherlands,1982,:
Netherlands,1983,:
Netherlands,1984,:
Netherlands,1985,:
Netherlands,1986,:
Netherlands,1987,:
Netherlands,1988,:
Netherlands,1989,:
Netherlands,1990,:
Netherlands,1991,:
Netherlands,1992,:
Netherlands,1993,:
Netherlands,1994,:
Netherlands,1995,54.8
Netherlands,1996,48.1
Netherlands,1997,46.5
Netherlands,1998,45.4
Netherlands,1999,44.3
Netherlands,2000,43.2
Netherlands,2001,44.1
Netherlands,2002,44.8
Netherlands,2003,45.8
Netherlands,2004,44.7
Netherlands,2005,43.4
Netherlands,2006,44.0
Netherlands,2007,43.3
Netherlands,2008,44.3
Netherlands,2009,48.4
Netherlands,2010,48.9
Netherlands,2011,47.8
Netherlands,2012,47.6
Netherlands,2013,47.5
Netherlands,2014,46.7
Netherlands,2015,45.3
Netherlands,2016,43.9
Netherlands,2017,42.8
Netherlands,2018,42.4
Netherlands,2019,42.1
Netherlands,2020,47.8
Netherlands,2021,45.9
Netherlands,2022,43.2
Netherlands,2023,43.2
Norway,1975,:
Norway,1976,:
Norway,1977,:
Norway,1978,:
Norway,1979,:
Norway,1980,:
Norway,1981,:
Norway,1982,:
Norway,1983,:
Norway,1984,:
Norway,1985,:
Norway,1986,:
Norway,1987,:
Norway,1988,:
Norway,1989,:
Norway,1990,:
Norway,1991,:
Norway,1992,:
Norway,1993,:
Norway,1994,:
Norway,1995,50.7
Norway,1996,48.3
Norway,1997,46.6
Norway,1998,48.9
Norway,1999,47.5
Norway,2000,42.4
Norway,2001,44.1
Norway,2002,47.1
Norway,2003,48.2
Norway,2004,45.3
Norway,2005,42.3
Norway,2006,41.0
Norway,2007,41.6
Norway,2008,40.3
Norway,2009,46.3
Norway,2010,45.1
Norway,2011,43.9
Norway,2012,43.0
Norway,2013,44.1
Norway,2014,45.9
Norway,2015,49.0
Norway,2016,51.2
Norway,2017,50.1
Norway,2018,48.5
Norway,2019,51.1
Norway,2020,57.6
Norway,2021,47.1
Norway,2022,38.3
Norway,2023,46.5
Poland,1975,:
Poland,1976,:
Poland,1977,:
Poland,1978,:
Poland,1979,:
Poland,1980,:
Poland,1981,:
Poland,1982,:
Poland,1983,:
Poland,1984,:
Poland,1985,:
Poland,1986,:
Poland,1987,:
Poland,1988,:
Poland,1989,:
Poland,1990,:
Poland,1991,:
Poland,1992,:
Poland,1993,:
Poland,1994,:
Poland,1995,47.7
Poland,1996,50.9
Poland,1997,46.9
Poland,1998,44.9
Poland,1999,43.2
Poland,2000,42.9
Poland,2001,44.6
Poland,2002,45.1
Poland,2003,45.5
Poland,2004,43.3
Poland,2005,44.1
Poland,2006,44.3
Poland,2007,42.8
Poland,2008,44.0
Poland,2009,44.9
Poland,2010,46.0
Poland,2011,44.1
Poland,2012,43.2
Poland,2013,43.2
Poland,2014,42.7
Poland,2015,41.5
Poland,2016,41.1
Poland,2017,41.1
Poland,2018,41.0
Poland,2019,41.4
Poland,2020,47.7
Poland,2021,43.6
Poland,2022,43.3
Poland,2023,47.0
Portugal,1975,:
Portugal,1976,:
Portugal,1977,:
Portugal,1978,:
Portugal,1979,:
Portugal,1980,:
Portugal,1981,:
Portugal,1982,:
Portugal,1983,:
Portugal,1984,:
Portugal,1985,:
Portugal,1986,:
Portugal,1987,:
Portugal,1988,:
Portugal,1989,:
Portugal,1990,:
Portugal,1991,:
Portugal,1992,:
Portugal,1993,:
Portugal,1994,:
Portugal,1995,42.6
Portugal,1996,43.1
Portugal,1997,42.5
Portugal,1998,42.7
Portugal,1999,42.6
Portugal,2000,42.7
Portugal,2001,44.1
Portugal,2002,43.7
Portugal,2003,45.4
Portugal,2004,46.3
Portugal,2005,46.8
Portugal,2006,45.2
Portugal,2007,44.5
Portugal,2008,45.5
Portugal,2009,50.3
Portugal,2010,51.9
Portugal,2011,50.0
Portugal,2012,48.8
Portugal,2013,50.0
Portugal,2014,51.7
Portugal,2015,48.3
Portugal,2016,44.9
Portugal,2017,45.5
Portugal,2018,43.3
Portugal,2019,42.5
Portugal,2020,49.1
Portugal,2021,47.3
Portugal,2022,43.9
Portugal,2023,42.4
Romania,1975,:
Romania,1976,:
Romania,1977,:
Romania,1978,:
Romania,1979,:
Romania,1980,:
Romania,1981,:
Romania,1982,:
Romania,1983,:
Romania,1984,:
Romania,1985,:
Romania,1986,:
Romania,1987,:
Romania,1988,:
Romania,1989,:
Romania,1990,:
Romania,1991,:
Romania,1992,:
Romania,1993,:
Romania,1994,:
Romania,1995,34.3
Romania,1996,33.2
Romania,1997,34.6
Romania,1998,35.6
Romania,1999,39.3
Romania,2000,38.5
Romania,2001,36.3
Romania,2002,34.9
Romania,2003,34.3
Romania,2004,33.8
Romania,2005,33.5
Romania,2006,35.6
Romania,2007,37.5
Romania,2008,37.7
Romania,2009,39.7
Romania,2010,39.4
Romania,2011,37.9
Romania,2012,36.1
Romania,2013,35.8
Romania,2014,35.5
Romania,2015,35.9
Romania,2016,34.8
Romania,2017,33.6
Romania,2018,34.3
Romania,2019,36.1
Romania,2020,41.5
Romania,2021,39.7
Romania,2022,40.4
Romania,2023,40.3
Slovakia,1975,:
Slovakia,1976,:
Slovakia,1977,:
Slovakia,1978,:
Slovakia,1979,:
Slovakia,1980,:
Slovakia,1981,:
Slovakia,1982,:
Slovakia,1983,:
Slovakia,1984,:
Slovakia,1985,:
Slovakia,1986,:
Slovakia,1987,:
Slovakia,1988,:
Slovakia,1989,:
Slovakia,1990,:
Slovakia,1991,:
Slovakia,1992,:
Slovakia,1993,:
Slovakia,1994,:
Slovakia,1995,47.8
Slovakia,1996,52.9
Slovakia,1997,48.6
Slovakia,1998,46.2
Slovakia,1999,48.4
Slovakia,2000,53.2
Slovakia,2001,46.2
Slovakia,2002,46.0
Slovakia,2003,40.0
Slovakia,2004,38.4
Slovakia,2005,39.1
Slovakia,2006,38.2
Slovakia,2007,35.9
Slovakia,2008,36.5
Slovakia,2009,43.2
Slovakia,2010,41.0
Slovakia,2011,40.8
Slovakia,2012,40.0
Slovakia,2013,41.1
Slovakia,2014,42.0
Slovakia,2015,44.1
Slovakia,2016,40.9
Slovakia,2017,39.8
Slovakia,2018,39.7
Slovakia,2019,40.6
Slovakia,2020,44.5
Slovakia,2021,44.9
Slovakia,2022,43.0
Slovakia,2023,48.5
Slovenia,1975,:
Slovenia,1976,:
Slovenia,1977,:
Slovenia,1978,:
Slovenia,1979,:
Slovenia,1980,:
Slovenia,1981,:
Slovenia,1982,:
Slovenia,1983,:
Slovenia,1984,:
Slovenia,1985,:
Slovenia,1986,:
Slovenia,1987,:
Slovenia,1988,:
Slovenia,1989,:
Slovenia,1990,:
Slovenia,1991,:
Slovenia,1992,:
Slovenia,1993,:
Slovenia,1994,:
Slovenia,1995,53
Slovenia,1996,45.1
Slovenia,1997,45.4
Slovenia,1998,46.4
Slovenia,1999,47.2
Slovenia,2000,47.8
Slovenia,2001,49.2
Slovenia,2002,47.8
Slovenia,2003,47.6
Slovenia,2004,46.9
Slovenia,2005,46.7
Slovenia,2006,45.7
Slovenia,2007,43.5
Slovenia,2008,45.2
Slovenia,2009,50.0
Slovenia,2010,50.7
Slovenia,2011,51.4
Slovenia,2012,50.0
Slovenia,2013,57.7
Slovenia,2014,50.6
Slovenia,2015,49.5
Slovenia,2016,46.9
Slovenia,2017,44.6
Slovenia,2018,44.1
Slovenia,2019,43.8
Slovenia,2020,51.8
Slovenia,2021,49.9
Slovenia,2022,47.7
Slovenia,2023,46.5
Spain,1975,:
Spain,1976,:
Spain,1977,:
Spain,1978,:
Spain,1979,:
Spain,1980,:
Spain,1981,:
Spain,1982,:
Spain,1983,:
Spain,1984,:
Spain,1985,:
Spain,1986,:
Spain,1987,:
Spain,1988,:
Spain,1989,:
Spain,1990,:
Spain,1991,:
Spain,1992,:
Spain,1993,:
Spain,1994,:
Spain,1995,44.1
Spain,1996,42.9
Spain,1997,41.5
Spain,1998,41.0
Spain,1999,39.9
Spain,2000,39.1
Spain,2001,38.4
Spain,2002,38.6
Spain,2003,38.3
Spain,2004,38.8
Spain,2005,38.4
Spain,2006,38.4
Spain,2007,39.2
Spain,2008,41.3
Spain,2009,46.1
Spain,2010,45.8
Spain,2011,45.9
Spain,2012,49.2
Spain,2013,46.2
Spain,2014,45.0
Spain,2015,43.7
Spain,2016,42.1
Spain,2017,41.0
Spain,2018,41.5
Spain,2019,42.0
Spain,2020,51.4
Spain,2021,49.5
Spain,2022,46.4
Spain,2023,45.4
Sweden,1975,:
Sweden,1976,:
Sweden,1977,:
Sweden,1978,:
Sweden,1979,:
Sweden,1980,:
Sweden,1981,:
Sweden,1982,:
Sweden,1983,:
Sweden,1984,:
Sweden,1985,:
Sweden,1986,:
Sweden,1987,:
Sweden,1988,:
Sweden,1989,:
Sweden,1990,:
Sweden,1991,:
Sweden,1992,:
Sweden,1993,:
Sweden,1994,:
Sweden,1995,63.2
Sweden,1996,61
Sweden,1997,58.8
Sweden,1998,56.5
Sweden,1999,56.1
Sweden,2000,53.1
Sweden,2001,52.6
Sweden,2002,53.6
Sweden,2003,53.9
Sweden,2004,52.7
Sweden,2005,52.2
Sweden,2006,51.1
Sweden,2007,49.4
Sweden,2008,50.4
Sweden,2009,52.8
Sweden,2010,50.8
Sweden,2011,50.2
Sweden,2012,51.4
Sweden,2013,52.4
Sweden,2014,51.8
Sweden,2015,50.3
Sweden,2016,50.4
Sweden,2017,50.2
Sweden,2018,50.7
Sweden,2019,49.7
Sweden,2020,53.0
Sweden,2021,49.9
Sweden,2022,48.9
Sweden,2023,49.4
Switzerland,1975,:
Switzerland,1976,:
Switzerland,1977,:
Switzerland,1978,:
Switzerland,1979,:
Switzerland,1980,:
Switzerland,1981,:
Switzerland,1982,:
Switzerland,1983,:
Switzerland,1984,:
Switzerland,1985,:
Switzerland,1986,:
Switzerland,1987,:
Switzerland,1988,:
Switzerland,1989,:
Switzerland,1990,:
Switzerland,1991,:
Switzerland,1992,:
Switzerland,1993,:
Switzerland,1994,:
Switzerland,1995,33.3
Switzerland,1996,34
Switzerland,1997,34
Switzerland,1998,33.7
Switzerland,1999,34.3
Switzerland,2000,33.3
Switzerland,2001,32.6
Switzerland,2002,35.1
Switzerland,2003,34.2
Switzerland,2004,33.9
Switzerland,2005,33.3
Switzerland,2006,31.4
Switzerland,2007,30.3
Switzerland,2008,30.8
Switzerland,2009,32.7
Switzerland,2010,32.4
Switzerland,2011,32.4
Switzerland,2012,32.7
Switzerland,2013,33.6
Switzerland,2014,33.3
Switzerland,2015,33.6
Switzerland,2016,33.7
Switzerland,2017,33.7
Switzerland,2018,33.0
Switzerland,2019,33.3
Switzerland,2020,38.3
Switzerland,2021,35.8
Switzerland,2022,33.2
Switzerland,2023,33.6
