Country,Year,Irate
Austria,1970,
Austria,1971,
Austria,1972,
Austria,1973,
Austria,1974,
Austria,1975,
Austria,1976,
Austria,1977,
Austria,1978,
Austria,1979,
Austria,1980,
Austria,1981,
Austria,1982,
Austria,1983,
Austria,1984,
Austria,1985,
Austria,1986,
Austria,1987,
Austria,1988,
Austria,1989,
Austria,1990,
Austria,1991,
Austria,1992,
Austria,1993,
Austria,1994,6.8167
Austria,1995,7.1067
Austria,1996,5.1067
Austria,1997,4.4192
Austria,1998,3.9058
Austria,1999,3.1833
Austria,2000,4.789
Austria,2001,4.0862
Austria,2002,3.4926
Austria,2003,2.3339
Austria,2004,2.2746
Austria,2005,2.3328
Austria,2006,3.436
Austria,2007,4.45
Austria,2008,4.826
Austria,2009,1.6103
Austria,2010,1.3533
Austria,2011,2.0078
Austria,2012,1.1142
Austria,2013,0.536
Austria,2014,0.4751
Austria,2015,0.1677
Austria,2016,-0.0349
Austria,2017,-0.1452
Austria,2018,-0.173
Austria,2019,-0.2173
Austria,2020,-0.3057
Austria,2021,-0.4906
Austria,2022,1.0997
Austria,2023,3.8647
Austria,2024,3.2729
Belgium,1970,
Belgium,1971,
Belgium,1972,
Belgium,1973,
Belgium,1974,
Belgium,1975,
Belgium,1976,
Belgium,1977,
Belgium,1978,
Belgium,1979,
Belgium,1980,
Belgium,1981,
Belgium,1982,
Belgium,1983,
Belgium,1984,
Belgium,1985,
Belgium,1986,
Belgium,1987,
Belgium,1988,
Belgium,1989,
Belgium,1990,
Belgium,1991,
Belgium,1992,
Belgium,1993,
Belgium,1994,6.8167
Belgium,1995,7.1067
Belgium,1996,5.1067
Belgium,1997,4.4192
Belgium,1998,3.9058
Belgium,1999,3.1833
Belgium,2000,4.789
Belgium,2001,4.0862
Belgium,2002,3.4926
Belgium,2003,2.3339
Belgium,2004,2.2746
Belgium,2005,2.3328
Belgium,2006,3.436
Belgium,2007,4.45
Belgium,2008,4.826
Belgium,2009,1.6103
Belgium,2010,1.3533
Belgium,2011,2.0078
Belgium,2012,1.1142
Belgium,2013,0.536
Belgium,2014,0.4751
Belgium,2015,0.1677
Belgium,2016,-0.0349
Belgium,2017,-0.1452
Belgium,2018,-0.173
Belgium,2019,-0.2173
Belgium,2020,-0.3057
Belgium,2021,-0.4906
Belgium,2022,1.0997
Belgium,2023,3.8647
Belgium,2024,3.2729
Bulgaria,1970,:
Bulgaria,1971,:
Bulgaria,1972,:
Bulgaria,1973,:
Bulgaria,1974,:
Bulgaria,1975,:
Bulgaria,1976,:
Bulgaria,1977,:
Bulgaria,1978,:
Bulgaria,1979,:
Bulgaria,1980,:
Bulgaria,1981,:
Bulgaria,1982,:
Bulgaria,1983,:
Bulgaria,1984,:
Bulgaria,1985,:
Bulgaria,1986,:
Bulgaria,1987,:
Bulgaria,1988,:
Bulgaria,1989,:
Bulgaria,1990,:
Bulgaria,1991,:
Bulgaria,1992,:
Bulgaria,1993,:
Bulgaria,1994,:
Bulgaria,1995,:
Bulgaria,1996,:
Bulgaria,1997,:
Bulgaria,1998,:
Bulgaria,1999,:
Bulgaria,2000,:
Bulgaria,2001,:
Bulgaria,2002,6.25
Bulgaria,2003,5.07
Bulgaria,2004,6.58
Bulgaria,2005,4.23
Bulgaria,2006,4.42
Bulgaria,2007,6.32
Bulgaria,2008,8.32
Bulgaria,2009,9.46
Bulgaria,2010,8.4
Bulgaria,2011,7.26
Bulgaria,2012,5.17
Bulgaria,2013,3.15
Bulgaria,2014,2.53
Bulgaria,2015,:
Bulgaria,2016,:
Bulgaria,2017,:
Bulgaria,2018,:
Bulgaria,2019,:
Bulgaria,2020,:
Bulgaria,2021,:
Bulgaria,2022,:
Bulgaria,2023,:
Bulgaria,2024,:
Croatia,1970,:
Croatia,1971,:
Croatia,1972,:
Croatia,1973,:
Croatia,1974,:
Croatia,1975,:
Croatia,1976,:
Croatia,1977,:
Croatia,1978,:
Croatia,1979,:
Croatia,1980,:
Croatia,1981,:
Croatia,1982,:
Croatia,1983,:
Croatia,1984,:
Croatia,1985,:
Croatia,1986,:
Croatia,1987,:
Croatia,1988,:
Croatia,1989,:
Croatia,1990,:
Croatia,1991,:
Croatia,1992,:
Croatia,1993,:
Croatia,1994,6.8167
Croatia,1995,7.1067
Croatia,1996,5.1067
Croatia,1997,4.4192
Croatia,1998,3.9058
Croatia,1999,3.1833
Croatia,2000,4.789
Croatia,2001,4.0862
Croatia,2002,3.4926
Croatia,2003,2.3339
Croatia,2004,2.2746
Croatia,2005,2.3328
Croatia,2006,3.436
Croatia,2007,4.45
Croatia,2008,4.826
Croatia,2009,1.6103
Croatia,2010,1.3533
Croatia,2011,2.0078
Croatia,2012,1.1142
Croatia,2013,0.536
Croatia,2014,0.4751
Croatia,2015,0.1677
Croatia,2016,-0.0349
Croatia,2017,-0.1452
Croatia,2018,-0.173
Croatia,2019,-0.2173
Croatia,2020,-0.3057
Croatia,2021,-0.4906
Croatia,2022,1.0997
Croatia,2023,3.8647
Croatia,2024,3.2729
Cyprus,1970,
Cyprus,1971,
Cyprus,1972,
Cyprus,1973,
Cyprus,1974,
Cyprus,1975,
Cyprus,1976,
Cyprus,1977,
Cyprus,1978,
Cyprus,1979,
Cyprus,1980,
Cyprus,1981,
Cyprus,1982,
Cyprus,1983,
Cyprus,1984,
Cyprus,1985,
Cyprus,1986,
Cyprus,1987,
Cyprus,1988,
Cyprus,1989,
Cyprus,1990,
Cyprus,1991,
Cyprus,1992,
Cyprus,1993,
Cyprus,1994,6.8167
Cyprus,1995,7.1067
Cyprus,1996,5.1067
Cyprus,1997,4.4192
Cyprus,1998,3.9058
Cyprus,1999,3.1833
Cyprus,2000,4.789
Cyprus,2001,4.0862
Cyprus,2002,3.4926
Cyprus,2003,2.3339
Cyprus,2004,2.2746
Cyprus,2005,2.3328
Cyprus,2006,3.436
Cyprus,2007,4.45
Cyprus,2008,4.826
Cyprus,2009,1.6103
Cyprus,2010,1.3533
Cyprus,2011,2.0078
Cyprus,2012,1.1142
Cyprus,2013,0.536
Cyprus,2014,0.4751
Cyprus,2015,0.1677
Cyprus,2016,-0.0349
Cyprus,2017,-0.1452
Cyprus,2018,-0.173
Cyprus,2019,-0.2173
Cyprus,2020,-0.3057
Cyprus,2021,-0.4906
Cyprus,2022,1.0997
Cyprus,2023,3.8647
Cyprus,2024,3.2729
Czechia,1970,:
Czechia,1971,:
Czechia,1972,:
Czechia,1973,:
Czechia,1974,:
Czechia,1975,:
Czechia,1976,:
Czechia,1977,:
Czechia,1978,:
Czechia,1979,:
Czechia,1980,:
Czechia,1981,:
Czechia,1982,:
Czechia,1983,:
Czechia,1984,:
Czechia,1985,:
Czechia,1986,:
Czechia,1987,:
Czechia,1988,:
Czechia,1989,:
Czechia,1990,:
Czechia,1991,:
Czechia,1992,:
Czechia,1993,:
Czechia,1994,:
Czechia,1995,10.99
Czechia,1996,11.85
Czechia,1997,14.65
Czechia,1998,14.13
Czechia,1999,6.97
Czechia,2000,5.75
Czechia,2001,5.29
Czechia,2002,3.61
Czechia,2003,2.32
Czechia,2004,2.71
Czechia,2005,2.13
Czechia,2006,2.65
Czechia,2007,3.43
Czechia,2008,4.2
Czechia,2009,2.63
Czechia,2010,1.86
Czechia,2011,1.77
Czechia,2012,1.48
Czechia,2013,0.75
Czechia,2014,0.53
Czechia,2015,:
Czechia,2016,:
Czechia,2017,:
Czechia,2018,:
Czechia,2019,:
Czechia,2020,:
Czechia,2021,:
Czechia,2022,:
Czechia,2023,:
Czechia,2024,:
Denmark,1970,:
Denmark,1971,:
Denmark,1972,:
Denmark,1973,:
Denmark,1974,:
Denmark,1975,:
Denmark,1976,:
Denmark,1977,:
Denmark,1978,:
Denmark,1979,:
Denmark,1980,:
Denmark,1981,:
Denmark,1982,:
Denmark,1983,:
Denmark,1984,:
Denmark,1985,:
Denmark,1986,:
Denmark,1987,:
Denmark,1988,:
Denmark,1989,:
Denmark,1990,:
Denmark,1991,:
Denmark,1992,:
Denmark,1993,:
Denmark,1994,:
Denmark,1995,5.4261
Denmark,1996,4.2472
Denmark,1997,4.0677
Denmark,1998,4.3632
Denmark,1999,3.7024
Denmark,2000,5.4642
Denmark,2001,4.5698
Denmark,2002,3.7728
Denmark,2003,2.452
Denmark,2004,2.3821
Denmark,2005,2.3821
Denmark,2006,3.5649
Denmark,2007,4.6194
Denmark,2008,5.4036
Denmark,2009,2.6669
Denmark,2010,1.779
Denmark,2011,1.9295
Denmark,2012,1.1681
Denmark,2013,0.774
Denmark,2014,0.7233
Denmark,2015,0.3079
Denmark,2016,0.217
Denmark,2017,0.0769
Denmark,2018,0.029
Denmark,2019,-0.0598
Denmark,2020,0.089
Denmark,2021,0.0201
Denmark,2022,1.508
Denmark,2023,4.0684
Denmark,2024,3.5258
Estonia,1970,
Estonia,1971,
Estonia,1972,
Estonia,1973,
Estonia,1974,
Estonia,1975,
Estonia,1976,
Estonia,1977,
Estonia,1978,
Estonia,1979,
Estonia,1980,
Estonia,1981,
Estonia,1982,
Estonia,1983,
Estonia,1984,
Estonia,1985,
Estonia,1986,
Estonia,1987,
Estonia,1988,
Estonia,1989,
Estonia,1990,
Estonia,1991,
Estonia,1992,
Estonia,1993,
Estonia,1994,6.8167
Estonia,1995,7.1067
Estonia,1996,5.1067
Estonia,1997,4.4192
Estonia,1998,3.9058
Estonia,1999,3.1833
Estonia,2000,4.789
Estonia,2001,4.0862
Estonia,2002,3.4926
Estonia,2003,2.3339
Estonia,2004,2.2746
Estonia,2005,2.3328
Estonia,2006,3.436
Estonia,2007,4.45
Estonia,2008,4.826
Estonia,2009,1.6103
Estonia,2010,1.3533
Estonia,2011,2.0078
Estonia,2012,1.1142
Estonia,2013,0.536
Estonia,2014,0.4751
Estonia,2015,0.1677
Estonia,2016,-0.0349
Estonia,2017,-0.1452
Estonia,2018,-0.173
Estonia,2019,-0.2173
Estonia,2020,-0.3057
Estonia,2021,-0.4906
Estonia,2022,1.0997
Estonia,2023,3.8647
Estonia,2024,3.2729
"Euro area (EA11-1999, EA12-2001, EA13-2007, EA15-2008, EA16-2009, EA17-2011, EA18-2014, EA19-2015, EA20-2023)",1970,:
"Euro area (EA11-1999, EA12-2001, EA13-2007, EA15-2008, EA16-2009, EA17-2011, EA18-2014, EA19-2015, EA20-2023)",1971,:
"Euro area (EA11-1999, EA12-2001, EA13-2007, EA15-2008, EA16-2009, EA17-2011, EA18-2014, EA19-2015, EA20-2023)",1972,:
"Euro area (EA11-1999, EA12-2001, EA13-2007, EA15-2008, EA16-2009, EA17-2011, EA18-2014, EA19-2015, EA20-2023)",1973,:
"Euro area (EA11-1999, EA12-2001, EA13-2007, EA15-2008, EA16-2009, EA17-2011, EA18-2014, EA19-2015, EA20-2023)",1974,:
"Euro area (EA11-1999, EA12-2001, EA13-2007, EA15-2008, EA16-2009, EA17-2011, EA18-2014, EA19-2015, EA20-2023)",1975,:
"Euro area (EA11-1999, EA12-2001, EA13-2007, EA15-2008, EA16-2009, EA17-2011, EA18-2014, EA19-2015, EA20-2023)",1976,:
"Euro area (EA11-1999, EA12-2001, EA13-2007, EA15-2008, EA16-2009, EA17-2011, EA18-2014, EA19-2015, EA20-2023)",1977,:
"Euro area (EA11-1999, EA12-2001, EA13-2007, EA15-2008, EA16-2009, EA17-2011, EA18-2014, EA19-2015, EA20-2023)",1978,:
"Euro area (EA11-1999, EA12-2001, EA13-2007, EA15-2008, EA16-2009, EA17-2011, EA18-2014, EA19-2015, EA20-2023)",1979,:
"Euro area (EA11-1999, EA12-2001, EA13-2007, EA15-2008, EA16-2009, EA17-2011, EA18-2014, EA19-2015, EA20-2023)",1980,:
"Euro area (EA11-1999, EA12-2001, EA13-2007, EA15-2008, EA16-2009, EA17-2011, EA18-2014, EA19-2015, EA20-2023)",1981,:
"Euro area (EA11-1999, EA12-2001, EA13-2007, EA15-2008, EA16-2009, EA17-2011, EA18-2014, EA19-2015, EA20-2023)",1982,:
"Euro area (EA11-1999, EA12-2001, EA13-2007, EA15-2008, EA16-2009, EA17-2011, EA18-2014, EA19-2015, EA20-2023)",1983,:
"Euro area (EA11-1999, EA12-2001, EA13-2007, EA15-2008, EA16-2009, EA17-2011, EA18-2014, EA19-2015, EA20-2023)",1984,:
"Euro area (EA11-1999, EA12-2001, EA13-2007, EA15-2008, EA16-2009, EA17-2011, EA18-2014, EA19-2015, EA20-2023)",1985,:
"Euro area (EA11-1999, EA12-2001, EA13-2007, EA15-2008, EA16-2009, EA17-2011, EA18-2014, EA19-2015, EA20-2023)",1986,:
"Euro area (EA11-1999, EA12-2001, EA13-2007, EA15-2008, EA16-2009, EA17-2011, EA18-2014, EA19-2015, EA20-2023)",1987,:
"Euro area (EA11-1999, EA12-2001, EA13-2007, EA15-2008, EA16-2009, EA17-2011, EA18-2014, EA19-2015, EA20-2023)",1988,:
"Euro area (EA11-1999, EA12-2001, EA13-2007, EA15-2008, EA16-2009, EA17-2011, EA18-2014, EA19-2015, EA20-2023)",1989,:
"Euro area (EA11-1999, EA12-2001, EA13-2007, EA15-2008, EA16-2009, EA17-2011, EA18-2014, EA19-2015, EA20-2023)",1990,:
"Euro area (EA11-1999, EA12-2001, EA13-2007, EA15-2008, EA16-2009, EA17-2011, EA18-2014, EA19-2015, EA20-2023)",1991,:
"Euro area (EA11-1999, EA12-2001, EA13-2007, EA15-2008, EA16-2009, EA17-2011, EA18-2014, EA19-2015, EA20-2023)",1992,:
"Euro area (EA11-1999, EA12-2001, EA13-2007, EA15-2008, EA16-2009, EA17-2011, EA18-2014, EA19-2015, EA20-2023)",1993,:
"Euro area (EA11-1999, EA12-2001, EA13-2007, EA15-2008, EA16-2009, EA17-2011, EA18-2014, EA19-2015, EA20-2023)",1994,6.8167
"Euro area (EA11-1999, EA12-2001, EA13-2007, EA15-2008, EA16-2009, EA17-2011, EA18-2014, EA19-2015, EA20-2023)",1995,7.1067
"Euro area (EA11-1999, EA12-2001, EA13-2007, EA15-2008, EA16-2009, EA17-2011, EA18-2014, EA19-2015, EA20-2023)",1996,5.1067
"Euro area (EA11-1999, EA12-2001, EA13-2007, EA15-2008, EA16-2009, EA17-2011, EA18-2014, EA19-2015, EA20-2023)",1997,4.4192
"Euro area (EA11-1999, EA12-2001, EA13-2007, EA15-2008, EA16-2009, EA17-2011, EA18-2014, EA19-2015, EA20-2023)",1998,3.9058
"Euro area (EA11-1999, EA12-2001, EA13-2007, EA15-2008, EA16-2009, EA17-2011, EA18-2014, EA19-2015, EA20-2023)",1999,3.1833
"Euro area (EA11-1999, EA12-2001, EA13-2007, EA15-2008, EA16-2009, EA17-2011, EA18-2014, EA19-2015, EA20-2023)",2000,4.789
"Euro area (EA11-1999, EA12-2001, EA13-2007, EA15-2008, EA16-2009, EA17-2011, EA18-2014, EA19-2015, EA20-2023)",2001,4.0862
"Euro area (EA11-1999, EA12-2001, EA13-2007, EA15-2008, EA16-2009, EA17-2011, EA18-2014, EA19-2015, EA20-2023)",2002,3.4926
"Euro area (EA11-1999, EA12-2001, EA13-2007, EA15-2008, EA16-2009, EA17-2011, EA18-2014, EA19-2015, EA20-2023)",2003,2.3339
"Euro area (EA11-1999, EA12-2001, EA13-2007, EA15-2008, EA16-2009, EA17-2011, EA18-2014, EA19-2015, EA20-2023)",2004,2.2746
"Euro area (EA11-1999, EA12-2001, EA13-2007, EA15-2008, EA16-2009, EA17-2011, EA18-2014, EA19-2015, EA20-2023)",2005,2.3328
"Euro area (EA11-1999, EA12-2001, EA13-2007, EA15-2008, EA16-2009, EA17-2011, EA18-2014, EA19-2015, EA20-2023)",2006,3.436
"Euro area (EA11-1999, EA12-2001, EA13-2007, EA15-2008, EA16-2009, EA17-2011, EA18-2014, EA19-2015, EA20-2023)",2007,4.45
"Euro area (EA11-1999, EA12-2001, EA13-2007, EA15-2008, EA16-2009, EA17-2011, EA18-2014, EA19-2015, EA20-2023)",2008,4.826
"Euro area (EA11-1999, EA12-2001, EA13-2007, EA15-2008, EA16-2009, EA17-2011, EA18-2014, EA19-2015, EA20-2023)",2009,1.6103
"Euro area (EA11-1999, EA12-2001, EA13-2007, EA15-2008, EA16-2009, EA17-2011, EA18-2014, EA19-2015, EA20-2023)",2010,1.3533
"Euro area (EA11-1999, EA12-2001, EA13-2007, EA15-2008, EA16-2009, EA17-2011, EA18-2014, EA19-2015, EA20-2023)",2011,2.0078
"Euro area (EA11-1999, EA12-2001, EA13-2007, EA15-2008, EA16-2009, EA17-2011, EA18-2014, EA19-2015, EA20-2023)",2012,1.1142
"Euro area (EA11-1999, EA12-2001, EA13-2007, EA15-2008, EA16-2009, EA17-2011, EA18-2014, EA19-2015, EA20-2023)",2013,0.536
"Euro area (EA11-1999, EA12-2001, EA13-2007, EA15-2008, EA16-2009, EA17-2011, EA18-2014, EA19-2015, EA20-2023)",2014,0.4751
"Euro area (EA11-1999, EA12-2001, EA13-2007, EA15-2008, EA16-2009, EA17-2011, EA18-2014, EA19-2015, EA20-2023)",2015,0.1677
"Euro area (EA11-1999, EA12-2001, EA13-2007, EA15-2008, EA16-2009, EA17-2011, EA18-2014, EA19-2015, EA20-2023)",2016,-0.0349
"Euro area (EA11-1999, EA12-2001, EA13-2007, EA15-2008, EA16-2009, EA17-2011, EA18-2014, EA19-2015, EA20-2023)",2017,-0.1452
"Euro area (EA11-1999, EA12-2001, EA13-2007, EA15-2008, EA16-2009, EA17-2011, EA18-2014, EA19-2015, EA20-2023)",2018,-0.173
"Euro area (EA11-1999, EA12-2001, EA13-2007, EA15-2008, EA16-2009, EA17-2011, EA18-2014, EA19-2015, EA20-2023)",2019,-0.2173
"Euro area (EA11-1999, EA12-2001, EA13-2007, EA15-2008, EA16-2009, EA17-2011, EA18-2014, EA19-2015, EA20-2023)",2020,-0.3057
"Euro area (EA11-1999, EA12-2001, EA13-2007, EA15-2008, EA16-2009, EA17-2011, EA18-2014, EA19-2015, EA20-2023)",2021,-0.4906
"Euro area (EA11-1999, EA12-2001, EA13-2007, EA15-2008, EA16-2009, EA17-2011, EA18-2014, EA19-2015, EA20-2023)",2022,1.0997
"Euro area (EA11-1999, EA12-2001, EA13-2007, EA15-2008, EA16-2009, EA17-2011, EA18-2014, EA19-2015, EA20-2023)",2023,3.8647
"Euro area (EA11-1999, EA12-2001, EA13-2007, EA15-2008, EA16-2009, EA17-2011, EA18-2014, EA19-2015, EA20-2023)",2024,3.2729
Finland,1970,
Finland,1971,
Finland,1972,
Finland,1973,
Finland,1974,
Finland,1975,
Finland,1976,
Finland,1977,
Finland,1978,
Finland,1979,
Finland,1980,
Finland,1981,
Finland,1982,
Finland,1983,
Finland,1984,
Finland,1985,
Finland,1986,
Finland,1987,
Finland,1988,
Finland,1989,
Finland,1990,
Finland,1991,
Finland,1992,
Finland,1993,
Finland,1994,6.8167
Finland,1995,7.1067
Finland,1996,5.1067
Finland,1997,4.4192
Finland,1998,3.9058
Finland,1999,3.1833
Finland,2000,4.789
Finland,2001,4.0862
Finland,2002,3.4926
Finland,2003,2.3339
Finland,2004,2.2746
Finland,2005,2.3328
Finland,2006,3.436
Finland,2007,4.45
Finland,2008,4.826
Finland,2009,1.6103
Finland,2010,1.3533
Finland,2011,2.0078
Finland,2012,1.1142
Finland,2013,0.536
Finland,2014,0.4751
Finland,2015,0.1677
Finland,2016,-0.0349
Finland,2017,-0.1452
Finland,2018,-0.173
Finland,2019,-0.2173
Finland,2020,-0.3057
Finland,2021,-0.4906
Finland,2022,1.0997
Finland,2023,3.8647
Finland,2024,3.2729
France,1970,
France,1971,
France,1972,
France,1973,
France,1974,
France,1975,
France,1976,
France,1977,
France,1978,
France,1979,
France,1980,
France,1981,
France,1982,
France,1983,
France,1984,
France,1985,
France,1986,
France,1987,
France,1988,
France,1989,
France,1990,
France,1991,
France,1992,
France,1993,
France,1994,6.8167
France,1995,7.1067
France,1996,5.1067
France,1997,4.4192
France,1998,3.9058
France,1999,3.1833
France,2000,4.789
France,2001,4.0862
France,2002,3.4926
France,2003,2.3339
France,2004,2.2746
France,2005,2.3328
France,2006,3.436
France,2007,4.45
France,2008,4.826
France,2009,1.6103
France,2010,1.3533
France,2011,2.0078
France,2012,1.1142
France,2013,0.536
France,2014,0.4751
France,2015,0.1677
France,2016,-0.0349
France,2017,-0.1452
France,2018,-0.173
France,2019,-0.2173
France,2020,-0.3057
France,2021,-0.4906
France,2022,1.0997
France,2023,3.8647
France,2024,3.2729
Germany,1970,
Germany,1971,
Germany,1972,
Germany,1973,
Germany,1974,
Germany,1975,
Germany,1976,
Germany,1977,
Germany,1978,
Germany,1979,
Germany,1980,
Germany,1981,
Germany,1982,
Germany,1983,
Germany,1984,
Germany,1985,
Germany,1986,
Germany,1987,
Germany,1988,
Germany,1989,
Germany,1990,
Germany,1991,
Germany,1992,
Germany,1993,
Germany,1994,6.8167
Germany,1995,7.1067
Germany,1996,5.1067
Germany,1997,4.4192
Germany,1998,3.9058
Germany,1999,3.1833
Germany,2000,4.789
Germany,2001,4.0862
Germany,2002,3.4926
Germany,2003,2.3339
Germany,2004,2.2746
Germany,2005,2.3328
Germany,2006,3.436
Germany,2007,4.45
Germany,2008,4.826
Germany,2009,1.6103
Germany,2010,1.3533
Germany,2011,2.0078
Germany,2012,1.1142
Germany,2013,0.536
Germany,2014,0.4751
Germany,2015,0.1677
Germany,2016,-0.0349
Germany,2017,-0.1452
Germany,2018,-0.173
Germany,2019,-0.2173
Germany,2020,-0.3057
Germany,2021,-0.4906
Germany,2022,1.0997
Germany,2023,3.8647
Germany,2024,3.2729
Greece,1970,
Greece,1971,
Greece,1972,
Greece,1973,
Greece,1974,
Greece,1975,
Greece,1976,
Greece,1977,
Greece,1978,
Greece,1979,
Greece,1980,
Greece,1981,
Greece,1982,
Greece,1983,
Greece,1984,
Greece,1985,
Greece,1986,
Greece,1987,
Greece,1988,
Greece,1989,
Greece,1990,
Greece,1991,
Greece,1992,
Greece,1993,
Greece,1994,6.8167
Greece,1995,7.1067
Greece,1996,5.1067
Greece,1997,4.4192
Greece,1998,3.9058
Greece,1999,3.1833
Greece,2000,4.789
Greece,2001,4.0862
Greece,2002,3.4926
Greece,2003,2.3339
Greece,2004,2.2746
Greece,2005,2.3328
Greece,2006,3.436
Greece,2007,4.45
Greece,2008,4.826
Greece,2009,1.6103
Greece,2010,1.3533
Greece,2011,2.0078
Greece,2012,1.1142
Greece,2013,0.536
Greece,2014,0.4751
Greece,2015,0.1677
Greece,2016,-0.0349
Greece,2017,-0.1452
Greece,2018,-0.173
Greece,2019,-0.2173
Greece,2020,-0.3057
Greece,2021,-0.4906
Greece,2022,1.0997
Greece,2023,3.8647
Greece,2024,3.2729
Hungary,1970,:
Hungary,1971,:
Hungary,1972,:
Hungary,1973,:
Hungary,1974,:
Hungary,1975,:
Hungary,1976,:
Hungary,1977,:
Hungary,1978,:
Hungary,1979,:
Hungary,1980,:
Hungary,1981,:
Hungary,1982,:
Hungary,1983,:
Hungary,1984,:
Hungary,1985,:
Hungary,1986,:
Hungary,1987,:
Hungary,1988,:
Hungary,1989,:
Hungary,1990,:
Hungary,1991,:
Hungary,1992,:
Hungary,1993,:
Hungary,1994,:
Hungary,1995,32.38
Hungary,1996,26.88
Hungary,1997,19.74
Hungary,1998,:
Hungary,1999,13.84
Hungary,2000,:
Hungary,2001,10.22
Hungary,2002,8.69
Hungary,2003,7.91
Hungary,2004,10.79
Hungary,2005,7.97
Hungary,2006,7.91
Hungary,2007,7.59
Hungary,2008,8.86
Hungary,2009,:
Hungary,2010,:
Hungary,2011,:
Hungary,2012,:
Hungary,2013,:
Hungary,2014,:
Hungary,2015,:
Hungary,2016,:
Hungary,2017,:
Hungary,2018,:
Hungary,2019,:
Hungary,2020,:
Hungary,2021,:
Hungary,2022,:
Hungary,2023,:
Hungary,2024,:
Ireland,1970,
Ireland,1971,
Ireland,1972,
Ireland,1973,
Ireland,1974,
Ireland,1975,
Ireland,1976,
Ireland,1977,
Ireland,1978,
Ireland,1979,
Ireland,1980,
Ireland,1981,
Ireland,1982,
Ireland,1983,
Ireland,1984,
Ireland,1985,
Ireland,1986,
Ireland,1987,
Ireland,1988,
Ireland,1989,
Ireland,1990,
Ireland,1991,
Ireland,1992,
Ireland,1993,
Ireland,1994,6.8167
Ireland,1995,7.1067
Ireland,1996,5.1067
Ireland,1997,4.4192
Ireland,1998,3.9058
Ireland,1999,3.1833
Ireland,2000,4.789
Ireland,2001,4.0862
Ireland,2002,3.4926
Ireland,2003,2.3339
Ireland,2004,2.2746
Ireland,2005,2.3328
Ireland,2006,3.436
Ireland,2007,4.45
Ireland,2008,4.826
Ireland,2009,1.6103
Ireland,2010,1.3533
Ireland,2011,2.0078
Ireland,2012,1.1142
Ireland,2013,0.536
Ireland,2014,0.4751
Ireland,2015,0.1677
Ireland,2016,-0.0349
Ireland,2017,-0.1452
Ireland,2018,-0.173
Ireland,2019,-0.2173
Ireland,2020,-0.3057
Ireland,2021,-0.4906
Ireland,2022,1.0997
Ireland,2023,3.8647
Ireland,2024,3.2729
Italy,1970,
Italy,1971,
Italy,1972,
Italy,1973,
Italy,1974,
Italy,1975,
Italy,1976,
Italy,1977,
Italy,1978,
Italy,1979,
Italy,1980,
Italy,1981,
Italy,1982,
Italy,1983,
Italy,1984,
Italy,1985,
Italy,1986,
Italy,1987,
Italy,1988,
Italy,1989,
Italy,1990,
Italy,1991,
Italy,1992,
Italy,1993,
Italy,1994,6.8167
Italy,1995,7.1067
Italy,1996,5.1067
Italy,1997,4.4192
Italy,1998,3.9058
Italy,1999,3.1833
Italy,2000,4.789
Italy,2001,4.0862
Italy,2002,3.4926
Italy,2003,2.3339
Italy,2004,2.2746
Italy,2005,2.3328
Italy,2006,3.436
Italy,2007,4.45
Italy,2008,4.826
Italy,2009,1.6103
Italy,2010,1.3533
Italy,2011,2.0078
Italy,2012,1.1142
Italy,2013,0.536
Italy,2014,0.4751
Italy,2015,0.1677
Italy,2016,-0.0349
Italy,2017,-0.1452
Italy,2018,-0.173
Italy,2019,-0.2173
Italy,2020,-0.3057
Italy,2021,-0.4906
Italy,2022,1.0997
Italy,2023,3.8647
Italy,2024,3.2729
Japan,1970,:
Japan,1971,:
Japan,1972,:
Japan,1973,:
Japan,1974,:
Japan,1975,:
Japan,1976,:
Japan,1977,:
Japan,1978,:
Japan,1979,:
Japan,1980,:
Japan,1981,:
Japan,1982,:
Japan,1983,:
Japan,1984,:
Japan,1985,:
Japan,1986,:
Japan,1987,:
Japan,1988,:
Japan,1989,:
Japan,1990,:
Japan,1991,:
Japan,1992,:
Japan,1993,:
Japan,1994,:
Japan,1995,:
Japan,1996,:
Japan,1997,:
Japan,1998,:
Japan,1999,:
Japan,2000,:
Japan,2001,:
Japan,2002,:
Japan,2003,:
Japan,2004,:
Japan,2005,:
Japan,2006,:
Japan,2007,:
Japan,2008,:
Japan,2009,:
Japan,2010,:
Japan,2011,:
Japan,2012,:
Japan,2013,:
Japan,2014,:
Japan,2015,:
Japan,2016,:
Japan,2017,:
Japan,2018,:
Japan,2019,:
Japan,2020,:
Japan,2021,:
Japan,2022,:
Japan,2023,:
Japan,2024,:
Latvia,1970,:
Latvia,1971,:
Latvia,1972,:
Latvia,1973,:
Latvia,1974,:
Latvia,1975,:
Latvia,1976,:
Latvia,1977,:
Latvia,1978,:
Latvia,1979,:
Latvia,1980,:
Latvia,1981,:
Latvia,1982,:
Latvia,1983,:
Latvia,1984,:
Latvia,1985,:
Latvia,1986,:
Latvia,1987,:
Latvia,1988,:
Latvia,1989,:
Latvia,1990,:
Latvia,1991,:
Latvia,1992,:
Latvia,1993,:
Latvia,1994,6.8167
Latvia,1995,7.1067
Latvia,1996,5.1067
Latvia,1997,4.4192
Latvia,1998,3.9058
Latvia,1999,3.1833
Latvia,2000,4.789
Latvia,2001,4.0862
Latvia,2002,3.4926
Latvia,2003,2.3339
Latvia,2004,2.2746
Latvia,2005,2.3328
Latvia,2006,3.436
Latvia,2007,4.45
Latvia,2008,4.826
Latvia,2009,1.6103
Latvia,2010,1.3533
Latvia,2011,2.0078
Latvia,2012,1.1142
Latvia,2013,0.536
Latvia,2014,0.4751
Latvia,2015,0.1677
Latvia,2016,-0.0349
Latvia,2017,-0.1452
Latvia,2018,-0.173
Latvia,2019,-0.2173
Latvia,2020,-0.3057
Latvia,2021,-0.4906
Latvia,2022,1.0997
Latvia,2023,3.8647
Latvia,2024,3.2729
Lithuania,1970,:
Lithuania,1971,:
Lithuania,1972,:
Lithuania,1973,:
Lithuania,1974,:
Lithuania,1975,:
Lithuania,1976,:
Lithuania,1977,:
Lithuania,1978,:
Lithuania,1979,:
Lithuania,1980,:
Lithuania,1981,:
Lithuania,1982,:
Lithuania,1983,:
Lithuania,1984,:
Lithuania,1985,:
Lithuania,1986,:
Lithuania,1987,:
Lithuania,1988,:
Lithuania,1989,:
Lithuania,1990,:
Lithuania,1991,:
Lithuania,1992,:
Lithuania,1993,:
Lithuania,1994,6.8167
Lithuania,1995,7.1067
Lithuania,1996,5.1067
Lithuania,1997,4.4192
Lithuania,1998,3.9058
Lithuania,1999,3.1833
Lithuania,2000,4.789
Lithuania,2001,4.0862
Lithuania,2002,3.4926
Lithuania,2003,2.3339
Lithuania,2004,2.2746
Lithuania,2005,2.3328
Lithuania,2006,3.436
Lithuania,2007,4.45
Lithuania,2008,4.826
Lithuania,2009,1.6103
Lithuania,2010,1.3533
Lithuania,2011,2.0078
Lithuania,2012,1.1142
Lithuania,2013,0.536
Lithuania,2014,0.4751
Lithuania,2015,0.1677
Lithuania,2016,-0.0349
Lithuania,2017,-0.1452
Lithuania,2018,-0.173
Lithuania,2019,-0.2173
Lithuania,2020,-0.3057
Lithuania,2021,-0.4906
Lithuania,2022,1.0997
Lithuania,2023,3.8647
Lithuania,2024,3.2729
Luxembourg,1970,
Luxembourg,1971,
Luxembourg,1972,
Luxembourg,1973,
Luxembourg,1974,
Luxembourg,1975,
Luxembourg,1976,
Luxembourg,1977,
Luxembourg,1978,
Luxembourg,1979,
Luxembourg,1980,
Luxembourg,1981,
Luxembourg,1982,
Luxembourg,1983,
Luxembourg,1984,
Luxembourg,1985,
Luxembourg,1986,
Luxembourg,1987,
Luxembourg,1988,
Luxembourg,1989,
Luxembourg,1990,
Luxembourg,1991,
Luxembourg,1992,
Luxembourg,1993,
Luxembourg,1994,6.8167
Luxembourg,1995,7.1067
Luxembourg,1996,5.1067
Luxembourg,1997,4.4192
Luxembourg,1998,3.9058
Luxembourg,1999,3.1833
Luxembourg,2000,4.789
Luxembourg,2001,4.0862
Luxembourg,2002,3.4926
Luxembourg,2003,2.3339
Luxembourg,2004,2.2746
Luxembourg,2005,2.3328
Luxembourg,2006,3.436
Luxembourg,2007,4.45
Luxembourg,2008,4.826
Luxembourg,2009,1.6103
Luxembourg,2010,1.3533
Luxembourg,2011,2.0078
Luxembourg,2012,1.1142
Luxembourg,2013,0.536
Luxembourg,2014,0.4751
Luxembourg,2015,0.1677
Luxembourg,2016,-0.0349
Luxembourg,2017,-0.1452
Luxembourg,2018,-0.173
Luxembourg,2019,-0.2173
Luxembourg,2020,-0.3057
Luxembourg,2021,-0.4906
Luxembourg,2022,1.0997
Luxembourg,2023,3.8647
Luxembourg,2024,3.2729
Malta,1970,
Malta,1971,
Malta,1972,
Malta,1973,
Malta,1974,
Malta,1975,
Malta,1976,
Malta,1977,
Malta,1978,
Malta,1979,
Malta,1980,
Malta,1981,
Malta,1982,
Malta,1983,
Malta,1984,
Malta,1985,
Malta,1986,
Malta,1987,
Malta,1988,
Malta,1989,
Malta,1990,
Malta,1991,
Malta,1992,
Malta,1993,
Malta,1994,6.8167
Malta,1995,7.1067
Malta,1996,5.1067
Malta,1997,4.4192
Malta,1998,3.9058
Malta,1999,3.1833
Malta,2000,4.789
Malta,2001,4.0862
Malta,2002,3.4926
Malta,2003,2.3339
Malta,2004,2.2746
Malta,2005,2.3328
Malta,2006,3.436
Malta,2007,4.45
Malta,2008,4.826
Malta,2009,1.6103
Malta,2010,1.3533
Malta,2011,2.0078
Malta,2012,1.1142
Malta,2013,0.536
Malta,2014,0.4751
Malta,2015,0.1677
Malta,2016,-0.0349
Malta,2017,-0.1452
Malta,2018,-0.173
Malta,2019,-0.2173
Malta,2020,-0.3057
Malta,2021,-0.4906
Malta,2022,1.0997
Malta,2023,3.8647
Malta,2024,3.2729
Netherlands,1970,
Netherlands,1971,
Netherlands,1972,
Netherlands,1973,
Netherlands,1974,
Netherlands,1975,
Netherlands,1976,
Netherlands,1977,
Netherlands,1978,
Netherlands,1979,
Netherlands,1980,
Netherlands,1981,
Netherlands,1982,
Netherlands,1983,
Netherlands,1984,
Netherlands,1985,
Netherlands,1986,
Netherlands,1987,
Netherlands,1988,
Netherlands,1989,
Netherlands,1990,
Netherlands,1991,
Netherlands,1992,
Netherlands,1993,
Netherlands,1994,6.8167
Netherlands,1995,7.1067
Netherlands,1996,5.1067
Netherlands,1997,4.4192
Netherlands,1998,3.9058
Netherlands,1999,3.1833
Netherlands,2000,4.789
Netherlands,2001,4.0862
Netherlands,2002,3.4926
Netherlands,2003,2.3339
Netherlands,2004,2.2746
Netherlands,2005,2.3328
Netherlands,2006,3.436
Netherlands,2007,4.45
Netherlands,2008,4.826
Netherlands,2009,1.6103
Netherlands,2010,1.3533
Netherlands,2011,2.0078
Netherlands,2012,1.1142
Netherlands,2013,0.536
Netherlands,2014,0.4751
Netherlands,2015,0.1677
Netherlands,2016,-0.0349
Netherlands,2017,-0.1452
Netherlands,2018,-0.173
Netherlands,2019,-0.2173
Netherlands,2020,-0.3057
Netherlands,2021,-0.4906
Netherlands,2022,1.0997
Netherlands,2023,3.8647
Netherlands,2024,3.2729
Poland,1970,:
Poland,1971,:
Poland,1972,:
Poland,1973,:
Poland,1974,:
Poland,1975,:
Poland,1976,:
Poland,1977,:
Poland,1978,:
Poland,1979,:
Poland,1980,:
Poland,1981,:
Poland,1982,:
Poland,1983,:
Poland,1984,:
Poland,1985,:
Poland,1986,:
Poland,1987,:
Poland,1988,:
Poland,1989,:
Poland,1990,:
Poland,1991,:
Poland,1992,:
Poland,1993,:
Poland,1994,:
Poland,1995,:
Poland,1996,:
Poland,1997,:
Poland,1998,:
Poland,1999,:
Poland,2000,:
Poland,2001,15.28
Poland,2002,8.49
Poland,2003,5.46
Poland,2004,6.63
Poland,2005,5.13
Poland,2006,4.43
Poland,2007,5.12
Poland,2008,6.61
Poland,2009,4.68
Poland,2010,4.28
Poland,2011,4.76
Poland,2012,4.92
Poland,2013,3.02
Poland,2014,2.6
Poland,2015,:
Poland,2016,:
Poland,2017,:
Poland,2018,:
Poland,2019,:
Poland,2020,:
Poland,2021,:
Poland,2022,:
Poland,2023,:
Poland,2024,:
Portugal,1970,
Portugal,1971,
Portugal,1972,
Portugal,1973,
Portugal,1974,
Portugal,1975,
Portugal,1976,
Portugal,1977,
Portugal,1978,
Portugal,1979,
Portugal,1980,
Portugal,1981,
Portugal,1982,
Portugal,1983,
Portugal,1984,
Portugal,1985,
Portugal,1986,
Portugal,1987,
Portugal,1988,
Portugal,1989,
Portugal,1990,
Portugal,1991,
Portugal,1992,
Portugal,1993,
Portugal,1994,6.8167
Portugal,1995,7.1067
Portugal,1996,5.1067
Portugal,1997,4.4192
Portugal,1998,3.9058
Portugal,1999,3.1833
Portugal,2000,4.789
Portugal,2001,4.0862
Portugal,2002,3.4926
Portugal,2003,2.3339
Portugal,2004,2.2746
Portugal,2005,2.3328
Portugal,2006,3.436
Portugal,2007,4.45
Portugal,2008,4.826
Portugal,2009,1.6103
Portugal,2010,1.3533
Portugal,2011,2.0078
Portugal,2012,1.1142
Portugal,2013,0.536
Portugal,2014,0.4751
Portugal,2015,0.1677
Portugal,2016,-0.0349
Portugal,2017,-0.1452
Portugal,2018,-0.173
Portugal,2019,-0.2173
Portugal,2020,-0.3057
Portugal,2021,-0.4906
Portugal,2022,1.0997
Portugal,2023,3.8647
Portugal,2024,3.2729
Romania,1970,:
Romania,1971,:
Romania,1972,:
Romania,1973,:
Romania,1974,:
Romania,1975,:
Romania,1976,:
Romania,1977,:
Romania,1978,:
Romania,1979,:
Romania,1980,:
Romania,1981,:
Romania,1982,:
Romania,1983,:
Romania,1984,:
Romania,1985,:
Romania,1986,:
Romania,1987,:
Romania,1988,:
Romania,1989,:
Romania,1990,:
Romania,1991,:
Romania,1992,:
Romania,1993,:
Romania,1994,:
Romania,1995,42.19
Romania,1996,51.7
Romania,1997,69.14
Romania,1998,61.4
Romania,1999,67.29
Romania,2000,49.92
Romania,2001,42.24
Romania,2002,27.63
Romania,2003,16.24
Romania,2004,17.16
Romania,2005,7.93
Romania,2006,7.84
Romania,2007,7.22
Romania,2008,12.23
Romania,2009,11.29
Romania,2010,6.88
Romania,2011,6.36
Romania,2012,5.5
Romania,2013,4.27
Romania,2014,2.52
Romania,2015,:
Romania,2016,:
Romania,2017,:
Romania,2018,:
Romania,2019,:
Romania,2020,:
Romania,2021,:
Romania,2022,:
Romania,2023,:
Romania,2024,:
Slovakia,1970,
Slovakia,1971,
Slovakia,1972,
Slovakia,1973,
Slovakia,1974,
Slovakia,1975,
Slovakia,1976,
Slovakia,1977,
Slovakia,1978,
Slovakia,1979,
Slovakia,1980,
Slovakia,1981,
Slovakia,1982,
Slovakia,1983,
Slovakia,1984,
Slovakia,1985,
Slovakia,1986,
Slovakia,1987,
Slovakia,1988,
Slovakia,1989,
Slovakia,1990,
Slovakia,1991,
Slovakia,1992,
Slovakia,1993,
Slovakia,1994,6.8167
Slovakia,1995,7.1067
Slovakia,1996,5.1067
Slovakia,1997,4.4192
Slovakia,1998,3.9058
Slovakia,1999,3.1833
Slovakia,2000,4.789
Slovakia,2001,4.0862
Slovakia,2002,3.4926
Slovakia,2003,2.3339
Slovakia,2004,2.2746
Slovakia,2005,2.3328
Slovakia,2006,3.436
Slovakia,2007,4.45
Slovakia,2008,4.826
Slovakia,2009,1.6103
Slovakia,2010,1.3533
Slovakia,2011,2.0078
Slovakia,2012,1.1142
Slovakia,2013,0.536
Slovakia,2014,0.4751
Slovakia,2015,0.1677
Slovakia,2016,-0.0349
Slovakia,2017,-0.1452
Slovakia,2018,-0.173
Slovakia,2019,-0.2173
Slovakia,2020,-0.3057
Slovakia,2021,-0.4906
Slovakia,2022,1.0997
Slovakia,2023,3.8647
Slovakia,2024,3.2729
Slovenia,1970,
Slovenia,1971,
Slovenia,1972,
Slovenia,1973,
Slovenia,1974,
Slovenia,1975,
Slovenia,1976,
Slovenia,1977,
Slovenia,1978,
Slovenia,1979,
Slovenia,1980,
Slovenia,1981,
Slovenia,1982,
Slovenia,1983,
Slovenia,1984,
Slovenia,1985,
Slovenia,1986,
Slovenia,1987,
Slovenia,1988,
Slovenia,1989,
Slovenia,1990,
Slovenia,1991,
Slovenia,1992,
Slovenia,1993,
Slovenia,1994,6.8167
Slovenia,1995,7.1067
Slovenia,1996,5.1067
Slovenia,1997,4.4192
Slovenia,1998,3.9058
Slovenia,1999,3.1833
Slovenia,2000,4.789
Slovenia,2001,4.0862
Slovenia,2002,3.4926
Slovenia,2003,2.3339
Slovenia,2004,2.2746
Slovenia,2005,2.3328
Slovenia,2006,3.436
Slovenia,2007,4.45
Slovenia,2008,4.826
Slovenia,2009,1.6103
Slovenia,2010,1.3533
Slovenia,2011,2.0078
Slovenia,2012,1.1142
Slovenia,2013,0.536
Slovenia,2014,0.4751
Slovenia,2015,0.1677
Slovenia,2016,-0.0349
Slovenia,2017,-0.1452
Slovenia,2018,-0.173
Slovenia,2019,-0.2173
Slovenia,2020,-0.3057
Slovenia,2021,-0.4906
Slovenia,2022,1.0997
Slovenia,2023,3.8647
Slovenia,2024,3.2729
Spain,1970,
Spain,1971,
Spain,1972,
Spain,1973,
Spain,1974,
Spain,1975,
Spain,1976,
Spain,1977,
Spain,1978,
Spain,1979,
Spain,1980,
Spain,1981,
Spain,1982,
Spain,1983,
Spain,1984,
Spain,1985,
Spain,1986,
Spain,1987,
Spain,1988,
Spain,1989,
Spain,1990,
Spain,1991,
Spain,1992,
Spain,1993,
Spain,1994,6.8167
Spain,1995,7.1067
Spain,1996,5.1067
Spain,1997,4.4192
Spain,1998,3.9058
Spain,1999,3.1833
Spain,2000,4.789
Spain,2001,4.0862
Spain,2002,3.4926
Spain,2003,2.3339
Spain,2004,2.2746
Spain,2005,2.3328
Spain,2006,3.436
Spain,2007,4.45
Spain,2008,4.826
Spain,2009,1.6103
Spain,2010,1.3533
Spain,2011,2.0078
Spain,2012,1.1142
Spain,2013,0.536
Spain,2014,0.4751
Spain,2015,0.1677
Spain,2016,-0.0349
Spain,2017,-0.1452
Spain,2018,-0.173
Spain,2019,-0.2173
Spain,2020,-0.3057
Spain,2021,-0.4906
Spain,2022,1.0997
Spain,2023,3.8647
Spain,2024,3.2729
Sweden,1970,:
Sweden,1971,:
Sweden,1972,:
Sweden,1973,:
Sweden,1974,:
Sweden,1975,:
Sweden,1976,:
Sweden,1977,:
Sweden,1978,:
Sweden,1979,:
Sweden,1980,:
Sweden,1981,:
Sweden,1982,:
Sweden,1983,:
Sweden,1984,:
Sweden,1985,:
Sweden,1986,:
Sweden,1987,:
Sweden,1988,:
Sweden,1989,:
Sweden,1990,:
Sweden,1991,11.68
Sweden,1992,12.67
Sweden,1993,8.27
Sweden,1994,8.28
Sweden,1995,9.32
Sweden,1996,6.05
Sweden,1997,4.8
Sweden,1998,4.51
Sweden,1999,3.75
Sweden,2000,4.73
Sweden,2001,4.25
Sweden,2002,4.52
Sweden,2003,3.28
Sweden,2004,2.56
Sweden,2005,2.08
Sweden,2006,3.03
Sweden,2007,4.22
Sweden,2008,4.93
Sweden,2009,1.36
Sweden,2010,1.42
Sweden,2011,2.85
Sweden,2012,2.41
Sweden,2013,1.56
Sweden,2014,:
Sweden,2015,:
Sweden,2016,:
Sweden,2017,:
Sweden,2018,:
Sweden,2019,:
Sweden,2020,:
Sweden,2021,:
Sweden,2022,:
Sweden,2023,:
Sweden,2024,:
Türkiye,1970,:
Türkiye,1971,:
Türkiye,1972,:
Türkiye,1973,:
Türkiye,1974,:
Türkiye,1975,:
Türkiye,1976,:
Türkiye,1977,:
Türkiye,1978,:
Türkiye,1979,:
Türkiye,1980,:
Türkiye,1981,:
Türkiye,1982,:
Türkiye,1983,:
Türkiye,1984,:
Türkiye,1985,:
Türkiye,1986,:
Türkiye,1987,:
Türkiye,1988,:
Türkiye,1989,:
Türkiye,1990,:
Türkiye,1991,:
Türkiye,1992,:
Türkiye,1993,:
Türkiye,1994,:
Türkiye,1995,:
Türkiye,1996,:
Türkiye,1997,:
Türkiye,1998,:
Türkiye,1999,:
Türkiye,2000,:
Türkiye,2001,:
Türkiye,2002,:
Türkiye,2003,:
Türkiye,2004,:
Türkiye,2005,:
Türkiye,2006,:
Türkiye,2007,:
Türkiye,2008,:
Türkiye,2009,:
Türkiye,2010,:
Türkiye,2011,:
Türkiye,2012,:
Türkiye,2013,:
Türkiye,2014,:
Türkiye,2015,:
Türkiye,2016,:
Türkiye,2017,:
Türkiye,2018,:
Türkiye,2019,:
Türkiye,2020,:
Türkiye,2021,:
Türkiye,2022,:
Türkiye,2023,:
Türkiye,2024,:
United Kingdom,1970,:
United Kingdom,1971,:
United Kingdom,1972,:
United Kingdom,1973,:
United Kingdom,1974,:
United Kingdom,1975,:
United Kingdom,1976,:
United Kingdom,1977,:
United Kingdom,1978,:
United Kingdom,1979,:
United Kingdom,1980,:
United Kingdom,1981,:
United Kingdom,1982,:
United Kingdom,1983,:
United Kingdom,1984,:
United Kingdom,1985,:
United Kingdom,1986,10.7416
United Kingdom,1987,9.771
United Kingdom,1988,10.672
United Kingdom,1989,13.6675
United Kingdom,1990,14.5139
United Kingdom,1991,11.1408
United Kingdom,1992,9.4948
United Kingdom,1993,5.8407
United Kingdom,1994,6.3911
United Kingdom,1995,7.2435
United Kingdom,1996,6.3693
United Kingdom,1997,7.2804
United Kingdom,1998,7.2583
United Kingdom,1999,5.797
United Kingdom,2000,6.5246
United Kingdom,2001,5.0853
United Kingdom,2002,4.4318
United Kingdom,2003,3.8799
United Kingdom,2004,4.958
United Kingdom,2005,4.7737
United Kingdom,2006,5.0479
United Kingdom,2007,6.0755
United Kingdom,2008,5.6358
United Kingdom,2009,1.6953
United Kingdom,2010,1.4097
United Kingdom,2011,1.6433
United Kingdom,2012,1.5609
United Kingdom,2013,0.9023
United Kingdom,2014,0.9757
United Kingdom,2015,1.0166
United Kingdom,2016,0.8912
United Kingdom,2017,0.7034
United Kingdom,2018,0.9965
United Kingdom,2019,1.0008
United Kingdom,2020,0.4673
United Kingdom,2021,0.2939
United Kingdom,2022,:
United Kingdom,2023,:
United Kingdom,2024,:
United States,1970,:
United States,1971,:
United States,1972,:
United States,1973,:
United States,1974,:
United States,1975,:
United States,1976,:
United States,1977,:
United States,1978,:
United States,1979,:
United States,1980,:
United States,1981,:
United States,1982,:
United States,1983,:
United States,1984,:
United States,1985,:
United States,1986,:
United States,1987,:
United States,1988,:
United States,1989,:
United States,1990,:
United States,1991,:
United States,1992,:
United States,1993,:
United States,1994,:
United States,1995,:
United States,1996,:
United States,1997,:
United States,1998,:
United States,1999,:
United States,2000,:
United States,2001,:
United States,2002,:
United States,2003,:
United States,2004,:
United States,2005,:
United States,2006,:
United States,2007,:
United States,2008,:
United States,2009,:
United States,2010,:
United States,2011,:
United States,2012,:
United States,2013,:
United States,2014,:
United States,2015,:
United States,2016,:
United States,2017,:
United States,2018,:
United States,2019,:
United States,2020,:
United States,2021,:
United States,2022,:
United States,2023,:
United States,2024,:
