Country,Year,Trade
Albania,1975,:
Albania,1976,:
Albania,1977,:
Albania,1978,:
Albania,1979,:
Albania,1980,:
Albania,1981,:
Albania,1982,:
Albania,1983,:
Albania,1984,:
Albania,1985,:
Albania,1986,:
Albania,1987,:
Albania,1988,:
Albania,1989,:
Albania,1990,:
Albania,1991,:
Albania,1992,:
Albania,1993,:
Albania,1994,:
Albania,1995,:
Albania,1996,-545.8
Albania,1997,-492.5
Albania,1998,-575.1
Albania,1999,-523
Albania,2000,-877.9
Albania,2001,-1044.9
Albania,2002,-1228.5
Albania,2003,-1248.2
Albania,2004,-1306.5
Albania,2005,-1608.9
Albania,2006,-1691
Albania,2007,-2085.7
Albania,2008,-2362.6
Albania,2009,-2132.1
Albania,2010,-1851.9
Albania,2011,-2107.2
Albania,2012,-1786.3
Albania,2013,-1736.5
Albania,2014,-1892.2
Albania,2015,-1772.2
Albania,2016,-1806.7
Albania,2017,-1740.2
Albania,2018,-1752.9
Albania,2019,-1880.3
Albania,2020,-1931.9
Albania,2021,-2031
Albania,2022,-1861.7
Albania,2023,-1124.7
Albania,2024,:
Austria,1975,:
Austria,1976,:
Austria,1977,:
Austria,1978,:
Austria,1979,:
Austria,1980,:
Austria,1981,:
Austria,1982,:
Austria,1983,:
Austria,1984,:
Austria,1985,:
Austria,1986,:
Austria,1987,:
Austria,1988,:
Austria,1989,:
Austria,1990,:
Austria,1991,:
Austria,1992,:
Austria,1993,:
Austria,1994,:
Austria,1995,-2194.4
Austria,1996,-2963.7
Austria,1997,-1524.5
Austria,1998,-439
Austria,1999,925.4
Austria,2000,2845.3
Austria,2001,3745.5
Austria,2002,8367.9
Austria,2003,6384.2
Austria,2004,7130.1
Austria,2005,8144.9
Austria,2006,9628.4
Austria,2007,12462.3
Austria,2008,12996.1
Austria,2009,9657
Austria,2010,10359.6
Austria,2011,8656.6
Austria,2012,8896.8
Austria,2013,8975
Austria,2014,10615
Austria,2015,12569.7
Austria,2016,13349.2
Austria,2017,11371.4
Austria,2018,11598.6
Austria,2019,14183.4
Austria,2020,12847
Austria,2021,3552.3
Austria,2022,-2052.3
Austria,2023,10009.8
Austria,2024,:
Belgium,1975,:
Belgium,1976,:
Belgium,1977,:
Belgium,1978,:
Belgium,1979,:
Belgium,1980,:
Belgium,1981,:
Belgium,1982,:
Belgium,1983,:
Belgium,1984,:
Belgium,1985,:
Belgium,1986,:
Belgium,1987,:
Belgium,1988,:
Belgium,1989,:
Belgium,1990,:
Belgium,1991,:
Belgium,1992,:
Belgium,1993,:
Belgium,1994,:
Belgium,1995,8480.1
Belgium,1996,6977.3
Belgium,1997,8663.1
Belgium,1998,8408
Belgium,1999,9586
Belgium,2000,7344.3
Belgium,2001,9640.5
Belgium,2002,15240.7
Belgium,2003,15065.2
Belgium,2004,14526.8
Belgium,2005,12515
Belgium,2006,13144.2
Belgium,2007,14209.2
Belgium,2008,2366.5
Belgium,2009,7141.6
Belgium,2010,5426.9
Belgium,2011,-843.8
Belgium,2012,-1107
Belgium,2013,983.4
Belgium,2014,896.7
Belgium,2015,2853.9
Belgium,2016,765.1
Belgium,2017,-67.7
Belgium,2018,-6026.6
Belgium,2019,2250.4
Belgium,2020,6694.8
Belgium,2021,9457.1
Belgium,2022,-8231.6
Belgium,2023,-3575.7
Belgium,2024,:
Bosnia and Herzegovina,1975,:
Bosnia and Herzegovina,1976,:
Bosnia and Herzegovina,1977,:
Bosnia and Herzegovina,1978,:
Bosnia and Herzegovina,1979,:
Bosnia and Herzegovina,1980,:
Bosnia and Herzegovina,1981,:
Bosnia and Herzegovina,1982,:
Bosnia and Herzegovina,1983,:
Bosnia and Herzegovina,1984,:
Bosnia and Herzegovina,1985,:
Bosnia and Herzegovina,1986,:
Bosnia and Herzegovina,1987,:
Bosnia and Herzegovina,1988,:
Bosnia and Herzegovina,1989,:
Bosnia and Herzegovina,1990,:
Bosnia and Herzegovina,1991,:
Bosnia and Herzegovina,1992,:
Bosnia and Herzegovina,1993,:
Bosnia and Herzegovina,1994,:
Bosnia and Herzegovina,1995,:
Bosnia and Herzegovina,1996,:
Bosnia and Herzegovina,1997,:
Bosnia and Herzegovina,1998,:
Bosnia and Herzegovina,1999,:
Bosnia and Herzegovina,2000,-2513.4
Bosnia and Herzegovina,2001,-2716
Bosnia and Herzegovina,2002,-2893.6
Bosnia and Herzegovina,2003,-2966.5
Bosnia and Herzegovina,2004,-3005.2
Bosnia and Herzegovina,2005,-3223.8
Bosnia and Herzegovina,2006,-2801
Bosnia and Herzegovina,2007,-3383.5
Bosnia and Herzegovina,2008,-4236.2
Bosnia and Herzegovina,2009,-3008.6
Bosnia and Herzegovina,2010,-2798.3
Bosnia and Herzegovina,2011,-3187.2
Bosnia and Herzegovina,2012,-3143.2
Bosnia and Herzegovina,2013,-2799.3
Bosnia and Herzegovina,2014,-3157.7
Bosnia and Herzegovina,2015,-2671.6
Bosnia and Herzegovina,2016,-2541.9
Bosnia and Herzegovina,2017,-2601.2
Bosnia and Herzegovina,2018,-2509.9
Bosnia and Herzegovina,2019,-2641.3
Bosnia and Herzegovina,2020,-2368.3
Bosnia and Herzegovina,2021,-2220.4
Bosnia and Herzegovina,2022,-3170.2
Bosnia and Herzegovina,2023,-3000.1
Bosnia and Herzegovina,2024,:
Bulgaria,1975,:
Bulgaria,1976,:
Bulgaria,1977,:
Bulgaria,1978,:
Bulgaria,1979,:
Bulgaria,1980,:
Bulgaria,1981,:
Bulgaria,1982,:
Bulgaria,1983,:
Bulgaria,1984,:
Bulgaria,1985,:
Bulgaria,1986,:
Bulgaria,1987,:
Bulgaria,1988,:
Bulgaria,1989,:
Bulgaria,1990,:
Bulgaria,1991,:
Bulgaria,1992,:
Bulgaria,1993,:
Bulgaria,1994,:
Bulgaria,1995,1366.6
Bulgaria,1996,1098.3
Bulgaria,1997,1277.1
Bulgaria,1998,918.8
Bulgaria,1999,-585.9
Bulgaria,2000,-766.5
Bulgaria,2001,-1482.2
Bulgaria,2002,-1393.9
Bulgaria,2003,-1913.7
Bulgaria,2004,-2352
Bulgaria,2005,-3523.1
Bulgaria,2006,-4684.8
Bulgaria,2007,-6110.7
Bulgaria,2008,-7350
Bulgaria,2009,-3088.8
Bulgaria,2010,-1219.3
Bulgaria,2011,65.7
Bulgaria,2012,-1385.5
Bulgaria,2013,-235
Bulgaria,2014,-493.4
Bulgaria,2015,383
Bulgaria,2016,2396.8
Bulgaria,2017,2282
Bulgaria,2018,1495.7
Bulgaria,2019,2044.4
Bulgaria,2020,1562.7
Bulgaria,2021,1773
Bulgaria,2022,959
Bulgaria,2023,3885.5
Bulgaria,2024,:
Croatia,1975,:
Croatia,1976,:
Croatia,1977,:
Croatia,1978,:
Croatia,1979,:
Croatia,1980,:
Croatia,1981,:
Croatia,1982,:
Croatia,1983,:
Croatia,1984,:
Croatia,1985,:
Croatia,1986,:
Croatia,1987,:
Croatia,1988,:
Croatia,1989,:
Croatia,1990,:
Croatia,1991,:
Croatia,1992,:
Croatia,1993,:
Croatia,1994,:
Croatia,1995,-1435
Croatia,1996,-1234.9
Croatia,1997,-2722.9
Croatia,1998,-1539.3
Croatia,1999,-1329
Croatia,2000,-1045.1
Croatia,2001,-1341.6
Croatia,2002,-2697.2
Croatia,2003,-3210.4
Croatia,2004,-2880.3
Croatia,2005,-3199.9
Croatia,2006,-3422.8
Croatia,2007,-3700.7
Croatia,2008,-4918.3
Croatia,2009,-2522.2
Croatia,2010,-754.1
Croatia,2011,-768.9
Croatia,2012,-717.9
Croatia,2013,-887.1
Croatia,2014,-169.3
Croatia,2015,95.6
Croatia,2016,524.4
Croatia,2017,303.9
Croatia,2018,-450.5
Croatia,2019,-225.1
Croatia,2020,-3540
Croatia,2021,-1605.3
Croatia,2022,-4205.4
Croatia,2023,-1430.3
Croatia,2024,-2665
Cyprus,1975,:
Cyprus,1976,:
Cyprus,1977,:
Cyprus,1978,:
Cyprus,1979,:
Cyprus,1980,:
Cyprus,1981,:
Cyprus,1982,:
Cyprus,1983,:
Cyprus,1984,:
Cyprus,1985,:
Cyprus,1986,:
Cyprus,1987,:
Cyprus,1988,:
Cyprus,1989,:
Cyprus,1990,:
Cyprus,1991,:
Cyprus,1992,:
Cyprus,1993,:
Cyprus,1994,:
Cyprus,1995,-65.6
Cyprus,1996,-34.2
Cyprus,1997,-117.1
Cyprus,1998,227.5
Cyprus,1999,260.1
Cyprus,2000,262.6
Cyprus,2001,530.1
Cyprus,2002,141.3
Cyprus,2003,195.6
Cyprus,2004,-17.3
Cyprus,2005,-80.1
Cyprus,2006,-477.3
Cyprus,2007,-836.8
Cyprus,2008,-2426.1
Cyprus,2009,-998.5
Cyprus,2010,-1602.2
Cyprus,2011,-736.5
Cyprus,2012,-348.5
Cyprus,2013,300.7
Cyprus,2014,185.2
Cyprus,2015,494.9
Cyprus,2016,370
Cyprus,2017,-69.1
Cyprus,2018,305
Cyprus,2019,236.7
Cyprus,2020,-307.5
Cyprus,2021,1203.9
Cyprus,2022,947
Cyprus,2023,392
Cyprus,2024,963.5
Czechia,1975,:
Czechia,1976,:
Czechia,1977,:
Czechia,1978,:
Czechia,1979,:
Czechia,1980,:
Czechia,1981,:
Czechia,1982,:
Czechia,1983,:
Czechia,1984,:
Czechia,1985,:
Czechia,1986,:
Czechia,1987,:
Czechia,1988,:
Czechia,1989,:
Czechia,1990,:
Czechia,1991,:
Czechia,1992,:
Czechia,1993,:
Czechia,1994,:
Czechia,1995,-1410.5
Czechia,1996,-2564.8
Czechia,1997,-2271.6
Czechia,1998,-187.1
Czechia,1999,-292.3
Czechia,2000,-1249.7
Czechia,2001,-983.7
Czechia,2002,-1158.7
Czechia,2003,-1345.3
Czechia,2004,605.1
Czechia,2005,2568.8
Czechia,2006,3391.7
Czechia,2007,3367.4
Czechia,2008,3501.9
Czechia,2009,5824.3
Czechia,2010,4827.8
Czechia,2011,6246.2
Czechia,2012,7744.9
Czechia,2013,9080.3
Czechia,2014,9995.7
Czechia,2015,10243.1
Czechia,2016,13739.9
Czechia,2017,14987.6
Czechia,2018,12976.5
Czechia,2019,13982.5
Czechia,2020,14852.3
Czechia,2021,9156.5
Czechia,2022,2316.9
Czechia,2023,15865.9
Czechia,2024,:
Denmark,1975,-313.4
Denmark,1976,-1805.9
Denmark,1977,-1555.1
Denmark,1978,-1051.1
Denmark,1979,-1223.3
Denmark,1980,-230.6
Denmark,1981,782.7
Denmark,1982,560.7
Denmark,1983,1506.9
Denmark,1984,1260
Denmark,1985,641.7
Denmark,1986,-178.7
Denmark,1987,1950.4
Denmark,1988,3400.5
Denmark,1989,3874.3
Denmark,1990,6050.5
Denmark,1991,7002.3
Denmark,1992,8163.4
Denmark,1993,9203.8
Denmark,1994,7799.6
Denmark,1995,6660.9
Denmark,1996,8373.1
Denmark,1997,6673.2
Denmark,1998,4861.4
Denmark,1999,10017.8
Denmark,2000,11946
Denmark,2001,13141.6
Denmark,2002,13004.7
Denmark,2003,13138.6
Denmark,2004,11435
Denmark,2005,11419
Denmark,2006,8899.1
Denmark,2007,6427.6
Denmark,2008,8426.1
Denmark,2009,10691.3
Denmark,2010,16538.2
Denmark,2011,15269.2
Denmark,2012,14747.9
Denmark,2013,16166.2
Denmark,2014,17149.3
Denmark,2015,17687.9
Denmark,2016,17035.1
Denmark,2017,19063.1
Denmark,2018,15510.7
Denmark,2019,18542.8
Denmark,2020,17604.6
Denmark,2021,21531.7
Denmark,2022,36525
Denmark,2023,30681.8
Denmark,2024,46075.5
Estonia,1975,:
Estonia,1976,:
Estonia,1977,:
Estonia,1978,:
Estonia,1979,:
Estonia,1980,:
Estonia,1981,:
Estonia,1982,:
Estonia,1983,:
Estonia,1984,:
Estonia,1985,:
Estonia,1986,:
Estonia,1987,:
Estonia,1988,:
Estonia,1989,:
Estonia,1990,:
Estonia,1991,:
Estonia,1992,:
Estonia,1993,:
Estonia,1994,:
Estonia,1995,-217.7
Estonia,1996,-392.8
Estonia,1997,-468.4
Estonia,1998,-484.9
Estonia,1999,-237.1
Estonia,2000,-200
Estonia,2001,-276.2
Estonia,2002,-579.4
Estonia,2003,-739.1
Estonia,2004,-764.6
Estonia,2005,-575
Estonia,2006,-1371.8
Estonia,2007,-1441.8
Estonia,2008,-648.9
Estonia,2009,701.5
Estonia,2010,946.4
Estonia,2011,969.9
Estonia,2012,296.6
Estonia,2013,442
Estonia,2014,656.9
Estonia,2015,748.4
Estonia,2016,711.7
Estonia,2017,966.7
Estonia,2018,612.3
Estonia,2019,1049.5
Estonia,2020,-301.9
Estonia,2021,-409.7
Estonia,2022,-450.6
Estonia,2023,326.9
Estonia,2024,:
"Euro area (EA11-1999, EA12-2001, EA13-2007, EA15-2008, EA16-2009, EA17-2011, EA18-2014, EA19-2015, EA20-2023)",1975,:
"Euro area (EA11-1999, EA12-2001, EA13-2007, EA15-2008, EA16-2009, EA17-2011, EA18-2014, EA19-2015, EA20-2023)",1976,:
"Euro area (EA11-1999, EA12-2001, EA13-2007, EA15-2008, EA16-2009, EA17-2011, EA18-2014, EA19-2015, EA20-2023)",1977,:
"Euro area (EA11-1999, EA12-2001, EA13-2007, EA15-2008, EA16-2009, EA17-2011, EA18-2014, EA19-2015, EA20-2023)",1978,:
"Euro area (EA11-1999, EA12-2001, EA13-2007, EA15-2008, EA16-2009, EA17-2011, EA18-2014, EA19-2015, EA20-2023)",1979,:
"Euro area (EA11-1999, EA12-2001, EA13-2007, EA15-2008, EA16-2009, EA17-2011, EA18-2014, EA19-2015, EA20-2023)",1980,:
"Euro area (EA11-1999, EA12-2001, EA13-2007, EA15-2008, EA16-2009, EA17-2011, EA18-2014, EA19-2015, EA20-2023)",1981,:
"Euro area (EA11-1999, EA12-2001, EA13-2007, EA15-2008, EA16-2009, EA17-2011, EA18-2014, EA19-2015, EA20-2023)",1982,:
"Euro area (EA11-1999, EA12-2001, EA13-2007, EA15-2008, EA16-2009, EA17-2011, EA18-2014, EA19-2015, EA20-2023)",1983,:
"Euro area (EA11-1999, EA12-2001, EA13-2007, EA15-2008, EA16-2009, EA17-2011, EA18-2014, EA19-2015, EA20-2023)",1984,:
"Euro area (EA11-1999, EA12-2001, EA13-2007, EA15-2008, EA16-2009, EA17-2011, EA18-2014, EA19-2015, EA20-2023)",1985,:
"Euro area (EA11-1999, EA12-2001, EA13-2007, EA15-2008, EA16-2009, EA17-2011, EA18-2014, EA19-2015, EA20-2023)",1986,:
"Euro area (EA11-1999, EA12-2001, EA13-2007, EA15-2008, EA16-2009, EA17-2011, EA18-2014, EA19-2015, EA20-2023)",1987,:
"Euro area (EA11-1999, EA12-2001, EA13-2007, EA15-2008, EA16-2009, EA17-2011, EA18-2014, EA19-2015, EA20-2023)",1988,:
"Euro area (EA11-1999, EA12-2001, EA13-2007, EA15-2008, EA16-2009, EA17-2011, EA18-2014, EA19-2015, EA20-2023)",1989,:
"Euro area (EA11-1999, EA12-2001, EA13-2007, EA15-2008, EA16-2009, EA17-2011, EA18-2014, EA19-2015, EA20-2023)",1990,:
"Euro area (EA11-1999, EA12-2001, EA13-2007, EA15-2008, EA16-2009, EA17-2011, EA18-2014, EA19-2015, EA20-2023)",1991,:
"Euro area (EA11-1999, EA12-2001, EA13-2007, EA15-2008, EA16-2009, EA17-2011, EA18-2014, EA19-2015, EA20-2023)",1992,:
"Euro area (EA11-1999, EA12-2001, EA13-2007, EA15-2008, EA16-2009, EA17-2011, EA18-2014, EA19-2015, EA20-2023)",1993,:
"Euro area (EA11-1999, EA12-2001, EA13-2007, EA15-2008, EA16-2009, EA17-2011, EA18-2014, EA19-2015, EA20-2023)",1994,:
"Euro area (EA11-1999, EA12-2001, EA13-2007, EA15-2008, EA16-2009, EA17-2011, EA18-2014, EA19-2015, EA20-2023)",1995,101455.7
"Euro area (EA11-1999, EA12-2001, EA13-2007, EA15-2008, EA16-2009, EA17-2011, EA18-2014, EA19-2015, EA20-2023)",1996,124873.9
"Euro area (EA11-1999, EA12-2001, EA13-2007, EA15-2008, EA16-2009, EA17-2011, EA18-2014, EA19-2015, EA20-2023)",1997,152039.8
"Euro area (EA11-1999, EA12-2001, EA13-2007, EA15-2008, EA16-2009, EA17-2011, EA18-2014, EA19-2015, EA20-2023)",1998,143362.9
"Euro area (EA11-1999, EA12-2001, EA13-2007, EA15-2008, EA16-2009, EA17-2011, EA18-2014, EA19-2015, EA20-2023)",1999,111054.5
"Euro area (EA11-1999, EA12-2001, EA13-2007, EA15-2008, EA16-2009, EA17-2011, EA18-2014, EA19-2015, EA20-2023)",2000,81926.1
"Euro area (EA11-1999, EA12-2001, EA13-2007, EA15-2008, EA16-2009, EA17-2011, EA18-2014, EA19-2015, EA20-2023)",2001,121713.1
"Euro area (EA11-1999, EA12-2001, EA13-2007, EA15-2008, EA16-2009, EA17-2011, EA18-2014, EA19-2015, EA20-2023)",2002,199117.4
"Euro area (EA11-1999, EA12-2001, EA13-2007, EA15-2008, EA16-2009, EA17-2011, EA18-2014, EA19-2015, EA20-2023)",2003,165825.5
"Euro area (EA11-1999, EA12-2001, EA13-2007, EA15-2008, EA16-2009, EA17-2011, EA18-2014, EA19-2015, EA20-2023)",2004,188886.9
"Euro area (EA11-1999, EA12-2001, EA13-2007, EA15-2008, EA16-2009, EA17-2011, EA18-2014, EA19-2015, EA20-2023)",2005,149847.8
"Euro area (EA11-1999, EA12-2001, EA13-2007, EA15-2008, EA16-2009, EA17-2011, EA18-2014, EA19-2015, EA20-2023)",2006,130119.9
"Euro area (EA11-1999, EA12-2001, EA13-2007, EA15-2008, EA16-2009, EA17-2011, EA18-2014, EA19-2015, EA20-2023)",2007,158554.4
"Euro area (EA11-1999, EA12-2001, EA13-2007, EA15-2008, EA16-2009, EA17-2011, EA18-2014, EA19-2015, EA20-2023)",2008,131409.6
"Euro area (EA11-1999, EA12-2001, EA13-2007, EA15-2008, EA16-2009, EA17-2011, EA18-2014, EA19-2015, EA20-2023)",2009,165034.4
"Euro area (EA11-1999, EA12-2001, EA13-2007, EA15-2008, EA16-2009, EA17-2011, EA18-2014, EA19-2015, EA20-2023)",2010,156096.2
"Euro area (EA11-1999, EA12-2001, EA13-2007, EA15-2008, EA16-2009, EA17-2011, EA18-2014, EA19-2015, EA20-2023)",2011,172485.8
"Euro area (EA11-1999, EA12-2001, EA13-2007, EA15-2008, EA16-2009, EA17-2011, EA18-2014, EA19-2015, EA20-2023)",2012,297683.1
"Euro area (EA11-1999, EA12-2001, EA13-2007, EA15-2008, EA16-2009, EA17-2011, EA18-2014, EA19-2015, EA20-2023)",2013,360618.1
"Euro area (EA11-1999, EA12-2001, EA13-2007, EA15-2008, EA16-2009, EA17-2011, EA18-2014, EA19-2015, EA20-2023)",2014,400943.8
"Euro area (EA11-1999, EA12-2001, EA13-2007, EA15-2008, EA16-2009, EA17-2011, EA18-2014, EA19-2015, EA20-2023)",2015,479142.4
"Euro area (EA11-1999, EA12-2001, EA13-2007, EA15-2008, EA16-2009, EA17-2011, EA18-2014, EA19-2015, EA20-2023)",2016,491163.1
"Euro area (EA11-1999, EA12-2001, EA13-2007, EA15-2008, EA16-2009, EA17-2011, EA18-2014, EA19-2015, EA20-2023)",2017,500975.1
"Euro area (EA11-1999, EA12-2001, EA13-2007, EA15-2008, EA16-2009, EA17-2011, EA18-2014, EA19-2015, EA20-2023)",2018,469557.6
"Euro area (EA11-1999, EA12-2001, EA13-2007, EA15-2008, EA16-2009, EA17-2011, EA18-2014, EA19-2015, EA20-2023)",2019,424684.9
"Euro area (EA11-1999, EA12-2001, EA13-2007, EA15-2008, EA16-2009, EA17-2011, EA18-2014, EA19-2015, EA20-2023)",2020,420903.5
"Euro area (EA11-1999, EA12-2001, EA13-2007, EA15-2008, EA16-2009, EA17-2011, EA18-2014, EA19-2015, EA20-2023)",2021,508265.7
"Euro area (EA11-1999, EA12-2001, EA13-2007, EA15-2008, EA16-2009, EA17-2011, EA18-2014, EA19-2015, EA20-2023)",2022,281836.3
"Euro area (EA11-1999, EA12-2001, EA13-2007, EA15-2008, EA16-2009, EA17-2011, EA18-2014, EA19-2015, EA20-2023)",2023,516696.7
"Euro area (EA11-1999, EA12-2001, EA13-2007, EA15-2008, EA16-2009, EA17-2011, EA18-2014, EA19-2015, EA20-2023)",2024,:
Euro area - 12 countries (2001-2006),1975,:
Euro area - 12 countries (2001-2006),1976,:
Euro area - 12 countries (2001-2006),1977,:
Euro area - 12 countries (2001-2006),1978,:
Euro area - 12 countries (2001-2006),1979,:
Euro area - 12 countries (2001-2006),1980,:
Euro area - 12 countries (2001-2006),1981,:
Euro area - 12 countries (2001-2006),1982,:
Euro area - 12 countries (2001-2006),1983,:
Euro area - 12 countries (2001-2006),1984,:
Euro area - 12 countries (2001-2006),1985,:
Euro area - 12 countries (2001-2006),1986,:
Euro area - 12 countries (2001-2006),1987,:
Euro area - 12 countries (2001-2006),1988,:
Euro area - 12 countries (2001-2006),1989,:
Euro area - 12 countries (2001-2006),1990,:
Euro area - 12 countries (2001-2006),1991,:
Euro area - 12 countries (2001-2006),1992,:
Euro area - 12 countries (2001-2006),1993,:
Euro area - 12 countries (2001-2006),1994,:
Euro area - 12 countries (2001-2006),1995,93832.8
Euro area - 12 countries (2001-2006),1996,115675
Euro area - 12 countries (2001-2006),1997,143836.4
Euro area - 12 countries (2001-2006),1998,131488.7
Euro area - 12 countries (2001-2006),1999,98478.3
Euro area - 12 countries (2001-2006),2000,66640.8
Euro area - 12 countries (2001-2006),2001,121713.1
Euro area - 12 countries (2001-2006),2002,199117.4
Euro area - 12 countries (2001-2006),2003,165825.5
Euro area - 12 countries (2001-2006),2004,188886.9
Euro area - 12 countries (2001-2006),2005,149847.8
Euro area - 12 countries (2001-2006),2006,130119.9
Euro area - 12 countries (2001-2006),2007,159020.5
Euro area - 12 countries (2001-2006),2008,134809
Euro area - 12 countries (2001-2006),2009,165944.1
Euro area - 12 countries (2001-2006),2010,157891.5
Euro area - 12 countries (2001-2006),2011,171534.9
Euro area - 12 countries (2001-2006),2012,292747.7
Euro area - 12 countries (2001-2006),2013,353897.1
Euro area - 12 countries (2001-2006),2014,393934.5
Euro area - 12 countries (2001-2006),2015,472802.6
Euro area - 12 countries (2001-2006),2016,483282.1
Euro area - 12 countries (2001-2006),2017,491754.4
Euro area - 12 countries (2001-2006),2018,460495.3
Euro area - 12 countries (2001-2006),2019,414398.8
Euro area - 12 countries (2001-2006),2020,409069.6
Euro area - 12 countries (2001-2006),2021,500651.6
Euro area - 12 countries (2001-2006),2022,287621.6
Euro area - 12 countries (2001-2006),2023,506516.7
Euro area - 12 countries (2001-2006),2024,:
Euro area - 19 countries  (2015-2022),1975,:
Euro area - 19 countries  (2015-2022),1976,:
Euro area - 19 countries  (2015-2022),1977,:
Euro area - 19 countries  (2015-2022),1978,:
Euro area - 19 countries  (2015-2022),1979,:
Euro area - 19 countries  (2015-2022),1980,:
Euro area - 19 countries  (2015-2022),1981,:
Euro area - 19 countries  (2015-2022),1982,:
Euro area - 19 countries  (2015-2022),1983,:
Euro area - 19 countries  (2015-2022),1984,:
Euro area - 19 countries  (2015-2022),1985,:
Euro area - 19 countries  (2015-2022),1986,:
Euro area - 19 countries  (2015-2022),1987,:
Euro area - 19 countries  (2015-2022),1988,:
Euro area - 19 countries  (2015-2022),1989,:
Euro area - 19 countries  (2015-2022),1990,:
Euro area - 19 countries  (2015-2022),1991,:
Euro area - 19 countries  (2015-2022),1992,:
Euro area - 19 countries  (2015-2022),1993,:
Euro area - 19 countries  (2015-2022),1994,:
Euro area - 19 countries  (2015-2022),1995,92162
Euro area - 19 countries  (2015-2022),1996,111454.1
Euro area - 19 countries  (2015-2022),1997,139423.8
Euro area - 19 countries  (2015-2022),1998,126513.6
Euro area - 19 countries  (2015-2022),1999,94756.9
Euro area - 19 countries  (2015-2022),2000,63521.7
Euro area - 19 countries  (2015-2022),2001,118036.3
Euro area - 19 countries  (2015-2022),2002,195470.7
Euro area - 19 countries  (2015-2022),2003,162610.4
Euro area - 19 countries  (2015-2022),2004,183811.9
Euro area - 19 countries  (2015-2022),2005,143699.8
Euro area - 19 countries  (2015-2022),2006,120875.7
Euro area - 19 countries  (2015-2022),2007,148049.9
Euro area - 19 countries  (2015-2022),2008,122506.1
Euro area - 19 countries  (2015-2022),2009,164887
Euro area - 19 countries  (2015-2022),2010,156106.6
Euro area - 19 countries  (2015-2022),2011,170478.5
Euro area - 19 countries  (2015-2022),2012,296706.8
Euro area - 19 countries  (2015-2022),2013,360130.9
Euro area - 19 countries  (2015-2022),2014,401646.7
Euro area - 19 countries  (2015-2022),2015,479142.4
Euro area - 19 countries  (2015-2022),2016,491163.1
Euro area - 19 countries  (2015-2022),2017,500975.1
Euro area - 19 countries  (2015-2022),2018,469557.6
Euro area - 19 countries  (2015-2022),2019,424684.9
Euro area - 19 countries  (2015-2022),2020,420903.5
Euro area - 19 countries  (2015-2022),2021,508265.7
Euro area - 19 countries  (2015-2022),2022,281836.3
Euro area - 19 countries  (2015-2022),2023,518127.1
Euro area - 19 countries  (2015-2022),2024,:
Euro area – 20 countries (from 2023),1975,:
Euro area – 20 countries (from 2023),1976,:
Euro area – 20 countries (from 2023),1977,:
Euro area – 20 countries (from 2023),1978,:
Euro area – 20 countries (from 2023),1979,:
Euro area – 20 countries (from 2023),1980,:
Euro area – 20 countries (from 2023),1981,:
Euro area – 20 countries (from 2023),1982,:
Euro area – 20 countries (from 2023),1983,:
Euro area – 20 countries (from 2023),1984,:
Euro area – 20 countries (from 2023),1985,:
Euro area – 20 countries (from 2023),1986,:
Euro area – 20 countries (from 2023),1987,:
Euro area – 20 countries (from 2023),1988,:
Euro area – 20 countries (from 2023),1989,:
Euro area – 20 countries (from 2023),1990,:
Euro area – 20 countries (from 2023),1991,:
Euro area – 20 countries (from 2023),1992,:
Euro area – 20 countries (from 2023),1993,:
Euro area – 20 countries (from 2023),1994,:
Euro area – 20 countries (from 2023),1995,90726.9
Euro area – 20 countries (from 2023),1996,110219.1
Euro area – 20 countries (from 2023),1997,136700.9
Euro area – 20 countries (from 2023),1998,124974.3
Euro area – 20 countries (from 2023),1999,93427.9
Euro area – 20 countries (from 2023),2000,62476.5
Euro area – 20 countries (from 2023),2001,116694.7
Euro area – 20 countries (from 2023),2002,192773.5
Euro area – 20 countries (from 2023),2003,159400.1
Euro area – 20 countries (from 2023),2004,180931.6
Euro area – 20 countries (from 2023),2005,140499.9
Euro area – 20 countries (from 2023),2006,117452.8
Euro area – 20 countries (from 2023),2007,144349.1
Euro area – 20 countries (from 2023),2008,117587.7
Euro area – 20 countries (from 2023),2009,162364.9
Euro area – 20 countries (from 2023),2010,155352.5
Euro area – 20 countries (from 2023),2011,169709.6
Euro area – 20 countries (from 2023),2012,295988.9
Euro area – 20 countries (from 2023),2013,359243.8
Euro area – 20 countries (from 2023),2014,401477.4
Euro area – 20 countries (from 2023),2015,479238
Euro area – 20 countries (from 2023),2016,491687.5
Euro area – 20 countries (from 2023),2017,501279
Euro area – 20 countries (from 2023),2018,469107.2
Euro area – 20 countries (from 2023),2019,424459.9
Euro area – 20 countries (from 2023),2020,417363.5
Euro area – 20 countries (from 2023),2021,506660.4
Euro area – 20 countries (from 2023),2022,277631
Euro area – 20 countries (from 2023),2023,516696.7
Euro area – 20 countries (from 2023),2024,:
European Union - 27 countries (from 2020),1975,:
European Union - 27 countries (from 2020),1976,:
European Union - 27 countries (from 2020),1977,:
European Union - 27 countries (from 2020),1978,:
European Union - 27 countries (from 2020),1979,:
European Union - 27 countries (from 2020),1980,:
European Union - 27 countries (from 2020),1981,:
European Union - 27 countries (from 2020),1982,:
European Union - 27 countries (from 2020),1983,:
European Union - 27 countries (from 2020),1984,:
European Union - 27 countries (from 2020),1985,:
European Union - 27 countries (from 2020),1986,:
European Union - 27 countries (from 2020),1987,:
European Union - 27 countries (from 2020),1988,:
European Union - 27 countries (from 2020),1989,:
European Union - 27 countries (from 2020),1990,:
European Union - 27 countries (from 2020),1991,:
European Union - 27 countries (from 2020),1992,:
European Union - 27 countries (from 2020),1993,:
European Union - 27 countries (from 2020),1994,:
European Union - 27 countries (from 2020),1995,110516.2
European Union - 27 countries (from 2020),1996,126460.7
European Union - 27 countries (from 2020),1997,150510.1
European Union - 27 countries (from 2020),1998,133805.2
European Union - 27 countries (from 2020),1999,104450.6
European Union - 27 countries (from 2020),2000,70528.6
European Union - 27 countries (from 2020),2001,129198.8
European Union - 27 countries (from 2020),2002,206309.4
European Union - 27 countries (from 2020),2003,172760.2
European Union - 27 countries (from 2020),2004,196177
European Union - 27 countries (from 2020),2005,157484.4
European Union - 27 countries (from 2020),2006,128322.8
European Union - 27 countries (from 2020),2007,139272.9
European Union - 27 countries (from 2020),2008,102426.3
European Union - 27 countries (from 2020),2009,183425.7
European Union - 27 countries (from 2020),2010,180134.2
European Union - 27 countries (from 2020),2011,198523.3
European Union - 27 countries (from 2020),2012,331532.6
European Union - 27 countries (from 2020),2013,410618.5
European Union - 27 countries (from 2020),2014,448691.7
European Union - 27 countries (from 2020),2015,538478.8
European Union - 27 countries (from 2020),2016,557196.7
European Union - 27 countries (from 2020),2017,563298.1
European Union - 27 countries (from 2020),2018,515377.7
European Union - 27 countries (from 2020),2019,491273.9
European Union - 27 countries (from 2020),2020,494157
European Union - 27 countries (from 2020),2021,567540.9
European Union - 27 countries (from 2020),2022,311530.5
European Union - 27 countries (from 2020),2023,626101.1
European Union - 27 countries (from 2020),2024,:
Finland,1975,:
Finland,1976,:
Finland,1977,:
Finland,1978,:
Finland,1979,:
Finland,1980,-503.5
Finland,1981,461.5
Finland,1982,93.5
Finland,1983,-6
Finland,1984,1595.9
Finland,1985,494
Finland,1986,981.5
Finland,1987,412
Finland,1988,-319.9
Finland,1989,-1976.4
Finland,1990,-1725.6
Finland,1991,-980.6
Finland,1992,735.1
Finland,1993,3498.4
Finland,1994,4918.3
Finland,1995,7653.3
Finland,1996,7203.4
Finland,1997,8215.9
Finland,1998,9471.4
Finland,1999,11383
Finland,2000,12508
Finland,2001,13380
Finland,2002,13320
Finland,2003,9994
Finland,2004,9955
Finland,2005,6534
Finland,2006,7201
Finland,2007,8969
Finland,2008,7024
Finland,2009,3705
Finland,2010,2568
Finland,2011,-1544
Finland,2012,-3127
Finland,2013,-2004
Finland,2014,-2091
Finland,2015,-838
Finland,2016,-2277
Finland,2017,885
Finland,2018,-1960
Finland,2019,1604
Finland,2020,577
Finland,2021,135
Finland,2022,-5304
Finland,2023,812
Finland,2024,:
France,1975,:
France,1976,:
France,1977,:
France,1978,5693.4
France,1979,3514.9
France,1980,-6223.1
France,1981,-6820.2
France,1982,-14023.9
France,1983,-712.3
France,1984,2749.6
France,1985,-378.4
France,1986,2052.9
France,1987,-6105.4
France,1988,-3253
France,1989,-3850.1
France,1990,-6030.6
France,1991,-1274.9
France,1992,9962.4
France,1993,21399.6
France,1994,20451.2
France,1995,23765.6
France,1996,26877.3
France,1997,44228.8
France,1998,41258.6
France,1999,38273
France,2000,25492.6
France,2001,30111.4
France,2002,36757.4
France,2003,27174.6
France,2004,22497.9
France,2005,8885.6
France,2006,-250.7
France,2007,-8439.3
France,2008,-15555.3
France,2009,-8463.8
France,2010,-18654.9
France,2011,-31508.3
France,2012,-19788.6
France,2013,-13499.5
France,2014,-15413
France,2015,-2591
France,2016,-7729.6
France,2017,-17695.9
France,2018,-22759.8
France,2019,-15805.9
France,2020,-39977.4
France,2021,-30407.8
France,2022,-73895.6
France,2023,-56434.8
France,2024,:
Germany,1975,:
Germany,1976,:
Germany,1977,:
Germany,1978,:
Germany,1979,:
Germany,1980,:
Germany,1981,:
Germany,1982,:
Germany,1983,:
Germany,1984,:
Germany,1985,:
Germany,1986,:
Germany,1987,:
Germany,1988,:
Germany,1989,:
Germany,1990,:
Germany,1991,-7641.1
Germany,1992,-8358.4
Germany,1993,153.5
Germany,1994,2160.6
Germany,1995,7078
Germany,1996,13051.9
Germany,1997,20026.5
Germany,1998,23397.9
Germany,1999,11228
Germany,2000,3529
Germany,2001,34284
Germany,2002,90009
Germany,2003,81143
Germany,2004,113825
Germany,2005,115197
Germany,2006,125669
Germany,2007,162442
Germany,2008,149779
Germany,2009,118960
Germany,2010,133521
Germany,2011,133342
Germany,2012,169063
Germany,2013,165526
Germany,2014,195154
Germany,2015,228879
Germany,2016,232135
Germany,2017,236020
Germany,2018,205426
Germany,2019,199327
Germany,2020,184386
Germany,2021,189652
Germany,2022,98724
Germany,2023,167656
Germany,2024,166005
Greece,1975,:
Greece,1976,:
Greece,1977,:
Greece,1978,:
Greece,1979,:
Greece,1980,:
Greece,1981,:
Greece,1982,:
Greece,1983,:
Greece,1984,:
Greece,1985,:
Greece,1986,:
Greece,1987,:
Greece,1988,:
Greece,1989,:
Greece,1990,:
Greece,1991,:
Greece,1992,:
Greece,1993,:
Greece,1994,:
Greece,1995,-7622.8
Greece,1996,-9199
Greece,1997,-8203.4
Greece,1998,-11874.2
Greece,1999,-12576.2
Greece,2000,-15285.3
Greece,2001,-15537.3
Greece,2002,-14757.5
Greece,2003,-17666.1
Greece,2004,-16258.5
Greece,2005,-16303.5
Greece,2006,-20475.8
Greece,2007,-25288.3
Greece,2008,-27539.8
Greece,2009,-20897.3
Greece,2010,-16690.7
Greece,2011,-11552.9
Greece,2012,-8296
Greece,2013,-4097.2
Greece,2014,-2471.3
Greece,2015,-1576.6
Greece,2016,-2265.9
Greece,2017,-2348.4
Greece,2018,-3569.3
Greece,2019,-2721.3
Greece,2020,-12386.1
Greece,2021,-13828
Greece,2022,-20036
Greece,2023,-10673.8
Greece,2024,:
Hungary,1975,:
Hungary,1976,:
Hungary,1977,:
Hungary,1978,:
Hungary,1979,:
Hungary,1980,:
Hungary,1981,:
Hungary,1982,:
Hungary,1983,:
Hungary,1984,:
Hungary,1985,:
Hungary,1986,:
Hungary,1987,:
Hungary,1988,:
Hungary,1989,:
Hungary,1990,:
Hungary,1991,:
Hungary,1992,:
Hungary,1993,:
Hungary,1994,:
Hungary,1995,15.9
Hungary,1996,192
Hungary,1997,417.5
Hungary,1998,-673.7
Hungary,1999,-1256.2
Hungary,2000,-1897.4
Hungary,2001,-789.5
Hungary,2002,-1532.4
Hungary,2003,-3088.9
Hungary,2004,-3760.4
Hungary,2005,-2695.2
Hungary,2006,-1489.7
Hungary,2007,43.9
Hungary,2008,-49.1
Hungary,2009,3210.2
Hungary,2010,4647.6
Hungary,2011,5743.9
Hungary,2012,5998.3
Hungary,2013,6451.1
Hungary,2014,6056.8
Hungary,2015,8553.2
Hungary,2016,9620.1
Hungary,2017,8217.9
Hungary,2018,5589.8
Hungary,2019,3250.8
Hungary,2020,2600.1
Hungary,2021,173
Hungary,2022,-8117.6
Hungary,2023,9777.4
Hungary,2024,:
Iceland,1975,:
Iceland,1976,:
Iceland,1977,:
Iceland,1978,:
Iceland,1979,:
Iceland,1980,:
Iceland,1981,:
Iceland,1982,:
Iceland,1983,:
Iceland,1984,:
Iceland,1985,:
Iceland,1986,:
Iceland,1987,:
Iceland,1988,:
Iceland,1989,:
Iceland,1990,:
Iceland,1991,:
Iceland,1992,:
Iceland,1993,:
Iceland,1994,:
Iceland,1995,187.7
Iceland,1996,28.7
Iceland,1997,30.9
Iceland,1998,-329.1
Iceland,1999,-380.2
Iceland,2000,-672.5
Iceland,2001,-78.3
Iceland,2002,158.4
Iceland,2003,-299
Iceland,2004,-625
Iceland,2005,-1592.1
Iceland,2006,-2335.9
Iceland,2007,-1423
Iceland,2008,-230.7
Iceland,2009,757.8
Iceland,2010,1022.4
Iceland,2011,840
Iceland,2012,662
Iceland,2013,935
Iceland,2014,858.6
Iceland,2015,1182.3
Iceland,2016,1247.7
Iceland,2017,983.1
Iceland,2018,768.7
Iceland,2019,1006
Iceland,2020,-256.9
Iceland,2021,-377.4
Iceland,2022,-38.1
Iceland,2023,136.1
Iceland,2024,:
Ireland,1975,:
Ireland,1976,:
Ireland,1977,:
Ireland,1978,:
Ireland,1979,:
Ireland,1980,:
Ireland,1981,:
Ireland,1982,:
Ireland,1983,:
Ireland,1984,:
Ireland,1985,:
Ireland,1986,:
Ireland,1987,:
Ireland,1988,:
Ireland,1989,:
Ireland,1990,:
Ireland,1991,:
Ireland,1992,:
Ireland,1993,:
Ireland,1994,:
Ireland,1995,5783.6
Ireland,1996,6534.9
Ireland,1997,8759.7
Ireland,1998,8762.1
Ireland,1999,12108.4
Ireland,2000,14998.8
Ireland,2001,19055.7
Ireland,2002,23363.9
Ireland,2003,22054.4
Ireland,2004,22444.6
Ireland,2005,18529
Ireland,2006,14881.2
Ireland,2007,16310.9
Ireland,2008,16157.1
Ireland,2009,22920.5
Ireland,2010,27720.6
Ireland,2011,32056.5
Ireland,2012,30533.9
Ireland,2013,36125.1
Ireland,2014,38139
Ireland,2015,80792.1
Ireland,2016,51457
Ireland,2017,73047.1
Ireland,2018,98810.7
Ireland,2019,17446.7
Ireland,2020,79565.2
Ireland,2021,187284.2
Ireland,2022,214830.6
Ireland,2023,167776.9
Ireland,2024,:
Italy,1975,:
Italy,1976,:
Italy,1977,:
Italy,1978,:
Italy,1979,:
Italy,1980,:
Italy,1981,:
Italy,1982,:
Italy,1983,:
Italy,1984,:
Italy,1985,:
Italy,1986,:
Italy,1987,:
Italy,1988,:
Italy,1989,:
Italy,1990,:
Italy,1991,:
Italy,1992,:
Italy,1993,:
Italy,1994,:
Italy,1995,32881.6
Italy,1996,46836.2
Italy,1997,40684.6
Italy,1998,34412.2
Italy,1999,20925.8
Italy,2000,10551.2
Italy,2001,16474.1
Italy,2002,10221.7
Italy,2003,6353.5
Italy,2004,8558.9
Italy,2005,-1476.1
Italy,2006,-12750.7
Italy,2007,-5480.4
Italy,2008,-11978.3
Italy,2009,-9301.3
Italy,2010,-29524.4
Italy,2011,-22312.1
Italy,2012,17731.3
Italy,2013,37624.6
Italy,2014,45645.3
Italy,2015,47445.5
Italy,2016,53964.7
Italy,2017,47045.1
Italy,2018,41813
Italy,2019,57830.4
Italy,2020,58654.5
Italy,2021,37610
Italy,2022,-36329.3
Italy,2023,30450.4
Italy,2024,50192.8
Kosovo*,1975,:
Kosovo*,1976,:
Kosovo*,1977,:
Kosovo*,1978,:
Kosovo*,1979,:
Kosovo*,1980,:
Kosovo*,1981,:
Kosovo*,1982,:
Kosovo*,1983,:
Kosovo*,1984,:
Kosovo*,1985,:
Kosovo*,1986,:
Kosovo*,1987,:
Kosovo*,1988,:
Kosovo*,1989,:
Kosovo*,1990,:
Kosovo*,1991,:
Kosovo*,1992,:
Kosovo*,1993,:
Kosovo*,1994,:
Kosovo*,1995,:
Kosovo*,1996,:
Kosovo*,1997,:
Kosovo*,1998,:
Kosovo*,1999,:
Kosovo*,2000,:
Kosovo*,2001,:
Kosovo*,2002,:
Kosovo*,2003,:
Kosovo*,2004,:
Kosovo*,2005,:
Kosovo*,2006,:
Kosovo*,2007,:
Kosovo*,2008,-1498.2
Kosovo*,2009,-1418.9
Kosovo*,2010,-1565.6
Kosovo*,2011,-1651.4
Kosovo*,2012,-1550.5
Kosovo*,2013,-1475.6
Kosovo*,2014,-1598.7
Kosovo*,2015,-1652.3
Kosovo*,2016,-1652
Kosovo*,2017,-1636.9
Kosovo*,2018,-1881.9
Kosovo*,2019,-1914.2
Kosovo*,2020,-2181.7
Kosovo*,2021,-2532.2
Kosovo*,2022,-2914.3
Kosovo*,2023,-2969
Kosovo*,2024,:
Latvia,1975,:
Latvia,1976,:
Latvia,1977,:
Latvia,1978,:
Latvia,1979,:
Latvia,1980,:
Latvia,1981,:
Latvia,1982,:
Latvia,1983,:
Latvia,1984,:
Latvia,1985,:
Latvia,1986,:
Latvia,1987,:
Latvia,1988,:
Latvia,1989,:
Latvia,1990,:
Latvia,1991,:
Latvia,1992,:
Latvia,1993,:
Latvia,1994,:
Latvia,1995,-196.2
Latvia,1996,-423.7
Latvia,1997,-519.8
Latvia,1998,-773.5
Latvia,1999,-691.2
Latvia,2000,-687.7
Latvia,2001,-971.8
Latvia,2002,-1029.8
Latvia,2003,-1314.4
Latvia,2004,-1795.1
Latvia,2005,-1971.7
Latvia,2006,-3584.2
Latvia,2007,-4341.8
Latvia,2008,-3106.1
Latvia,2009,-375.5
Latvia,2010,-374.5
Latvia,2011,-1166.3
Latvia,2012,-1180.2
Latvia,2013,-995.4
Latvia,2014,-660.5
Latvia,2015,-282.3
Latvia,2016,128.9
Latvia,2017,-112.9
Latvia,2018,-139.2
Latvia,2019,-64.4
Latvia,2020,419.5
Latvia,2021,-1024.7
Latvia,2022,-1764.7
Latvia,2023,-1461
Latvia,2024,-1050.6
Liechtenstein,1975,:
Liechtenstein,1976,:
Liechtenstein,1977,:
Liechtenstein,1978,:
Liechtenstein,1979,:
Liechtenstein,1980,:
Liechtenstein,1981,:
Liechtenstein,1982,:
Liechtenstein,1983,:
Liechtenstein,1984,:
Liechtenstein,1985,:
Liechtenstein,1986,:
Liechtenstein,1987,:
Liechtenstein,1988,:
Liechtenstein,1989,:
Liechtenstein,1990,:
Liechtenstein,1991,:
Liechtenstein,1992,:
Liechtenstein,1993,:
Liechtenstein,1994,:
Liechtenstein,1995,:
Liechtenstein,1996,:
Liechtenstein,1997,:
Liechtenstein,1998,:
Liechtenstein,1999,:
Liechtenstein,2000,:
Liechtenstein,2001,:
Liechtenstein,2002,:
Liechtenstein,2003,:
Liechtenstein,2004,:
Liechtenstein,2005,:
Liechtenstein,2006,:
Liechtenstein,2007,:
Liechtenstein,2008,:
Liechtenstein,2009,:
Liechtenstein,2010,:
Liechtenstein,2011,:
Liechtenstein,2012,:
Liechtenstein,2013,:
Liechtenstein,2014,:
Liechtenstein,2015,:
Liechtenstein,2016,:
Liechtenstein,2017,:
Liechtenstein,2018,:
Liechtenstein,2019,:
Liechtenstein,2020,:
Liechtenstein,2021,:
Liechtenstein,2022,:
Liechtenstein,2023,:
Liechtenstein,2024,:
Lithuania,1975,:
Lithuania,1976,:
Lithuania,1977,:
Lithuania,1978,:
Lithuania,1979,:
Lithuania,1980,:
Lithuania,1981,:
Lithuania,1982,:
Lithuania,1983,:
Lithuania,1984,:
Lithuania,1985,:
Lithuania,1986,:
Lithuania,1987,:
Lithuania,1988,:
Lithuania,1989,:
Lithuania,1990,:
Lithuania,1991,:
Lithuania,1992,:
Lithuania,1993,:
Lithuania,1994,:
Lithuania,1995,-550.1
Lithuania,1996,-619
Lithuania,1997,-904.4
Lithuania,1998,-1148.3
Lithuania,1999,-1033.1
Lithuania,2000,-772.3
Lithuania,2001,-747.7
Lithuania,2002,-861.2
Lithuania,2003,-964.5
Lithuania,2004,-1286.5
Lithuania,2005,-1515.6
Lithuania,2006,-2468
Lithuania,2007,-3801.9
Lithuania,2008,-3790.7
Lithuania,2009,-473.4
Lithuania,2010,-561.4
Lithuania,2011,-840.9
Lithuania,2012,203.8
Lithuania,2013,508.2
Lithuania,2014,702.8
Lithuania,2015,-369.5
Lithuania,2016,282.8
Lithuania,2017,969.9
Lithuania,2018,853.2
Lithuania,2019,2591.2
Lithuania,2020,4560.4
Lithuania,2021,2524
Lithuania,2022,-1411.1
Lithuania,2023,2880.7
Lithuania,2024,4033.8
Luxembourg,1975,:
Luxembourg,1976,:
Luxembourg,1977,:
Luxembourg,1978,:
Luxembourg,1979,:
Luxembourg,1980,:
Luxembourg,1981,:
Luxembourg,1982,:
Luxembourg,1983,:
Luxembourg,1984,:
Luxembourg,1985,:
Luxembourg,1986,:
Luxembourg,1987,:
Luxembourg,1988,:
Luxembourg,1989,:
Luxembourg,1990,:
Luxembourg,1991,:
Luxembourg,1992,:
Luxembourg,1993,:
Luxembourg,1994,:
Luxembourg,1995,3095.7
Luxembourg,1996,3346
Luxembourg,1997,3514.3
Luxembourg,1998,3389.4
Luxembourg,1999,4099.4
Luxembourg,2000,5258.6
Luxembourg,2001,5166.7
Luxembourg,2002,5511
Luxembourg,2003,5433.8
Luxembourg,2004,6269.8
Luxembourg,2005,7137.6
Luxembourg,2006,10116.2
Luxembourg,2007,11920.6
Luxembourg,2008,12313.4
Luxembourg,2009,12620.2
Luxembourg,2010,13461.9
Luxembourg,2011,13414
Luxembourg,2012,14254.1
Luxembourg,2013,15824.7
Luxembourg,2014,16643.8
Luxembourg,2015,17617.3
Luxembourg,2016,18975.8
Luxembourg,2017,18440.1
Luxembourg,2018,19586.7
Luxembourg,2019,19026
Luxembourg,2020,21918.3
Luxembourg,2021,24099.2
Luxembourg,2022,26393
Luxembourg,2023,24459.5
Luxembourg,2024,:
Malta,1975,:
Malta,1976,:
Malta,1977,:
Malta,1978,:
Malta,1979,:
Malta,1980,:
Malta,1981,:
Malta,1982,:
Malta,1983,:
Malta,1984,:
Malta,1985,:
Malta,1986,:
Malta,1987,:
Malta,1988,:
Malta,1989,:
Malta,1990,:
Malta,1991,:
Malta,1992,:
Malta,1993,:
Malta,1994,:
Malta,1995,-182.2
Malta,1996,-297.2
Malta,1997,-203.7
Malta,1998,-230.1
Malta,1999,-178
Malta,2000,-396.7
Malta,2001,-200.4
Malta,2002,118.7
Malta,2003,-175.6
Malta,2004,-279.9
Malta,2005,-467.2
Malta,2006,-219.3
Malta,2007,-180.5
Malta,2008,-174.9
Malta,2009,-93.8
Malta,2010,69.7
Malta,2011,200.8
Malta,2012,178.3
Malta,2013,642.8
Malta,2014,1123.8
Malta,2015,1049.7
Malta,2016,1409.4
Malta,2017,2532.9
Malta,2018,2544.2
Malta,2019,2330.6
Malta,2020,2257.5
Malta,2021,2734.2
Malta,2022,2449.2
Malta,2023,3434.8
Malta,2024,3906.3
Montenegro,1975,:
Montenegro,1976,:
Montenegro,1977,:
Montenegro,1978,:
Montenegro,1979,:
Montenegro,1980,:
Montenegro,1981,:
Montenegro,1982,:
Montenegro,1983,:
Montenegro,1984,:
Montenegro,1985,:
Montenegro,1986,:
Montenegro,1987,:
Montenegro,1988,:
Montenegro,1989,:
Montenegro,1990,:
Montenegro,1991,:
Montenegro,1992,:
Montenegro,1993,:
Montenegro,1994,:
Montenegro,1995,:
Montenegro,1996,:
Montenegro,1997,:
Montenegro,1998,:
Montenegro,1999,:
Montenegro,2000,:
Montenegro,2001,:
Montenegro,2002,:
Montenegro,2003,:
Montenegro,2004,:
Montenegro,2005,:
Montenegro,2006,-800
Montenegro,2007,-1149.3
Montenegro,2008,-1654.1
Montenegro,2009,-921
Montenegro,2010,-802.9
Montenegro,2011,-717
Montenegro,2012,-777
Montenegro,2013,-675.4
Montenegro,2014,-686.1
Montenegro,2015,-674.4
Montenegro,2016,-888.6
Montenegro,2017,-1007.9
Montenegro,2018,-1112.6
Montenegro,2019,-1047.1
Montenegro,2020,-1465.5
Montenegro,2021,-959.4
Montenegro,2022,-1352.6
Montenegro,2023,-1298
Montenegro,2024,:
Netherlands,1975,:
Netherlands,1976,:
Netherlands,1977,:
Netherlands,1978,:
Netherlands,1979,:
Netherlands,1980,:
Netherlands,1981,:
Netherlands,1982,:
Netherlands,1983,:
Netherlands,1984,:
Netherlands,1985,:
Netherlands,1986,:
Netherlands,1987,:
Netherlands,1988,:
Netherlands,1989,:
Netherlands,1990,:
Netherlands,1991,:
Netherlands,1992,:
Netherlands,1993,:
Netherlands,1994,:
Netherlands,1995,25874.4
Netherlands,1996,24650.6
Netherlands,1997,26665.1
Netherlands,1998,27229.9
Netherlands,1999,26318
Netherlands,2000,32643
Netherlands,2001,35108
Netherlands,2002,37515
Netherlands,2003,36940
Netherlands,2004,43768
Netherlands,2005,49316
Netherlands,2006,53433
Netherlands,2007,47467
Netherlands,2008,59003
Netherlands,2009,51006
Netherlands,2010,54612
Netherlands,2011,56373
Netherlands,2012,64230
Netherlands,2013,67159
Netherlands,2014,74979
Netherlands,2015,53542
Netherlands,2016,78164
Netherlands,2017,80440
Netherlands,2018,83087
Netherlands,2019,82688
Netherlands,2020,83686
Netherlands,2021,86883
Netherlands,2022,87255
Netherlands,2023,119237
Netherlands,2024,137582
North Macedonia,1975,:
North Macedonia,1976,:
North Macedonia,1977,:
North Macedonia,1978,:
North Macedonia,1979,:
North Macedonia,1980,:
North Macedonia,1981,:
North Macedonia,1982,:
North Macedonia,1983,:
North Macedonia,1984,:
North Macedonia,1985,:
North Macedonia,1986,:
North Macedonia,1987,:
North Macedonia,1988,:
North Macedonia,1989,:
North Macedonia,1990,:
North Macedonia,1991,:
North Macedonia,1992,:
North Macedonia,1993,:
North Macedonia,1994,:
North Macedonia,1995,:
North Macedonia,1996,:
North Macedonia,1997,:
North Macedonia,1998,:
North Macedonia,1999,:
North Macedonia,2000,-584.2
North Macedonia,2001,-542
North Macedonia,2002,-802.8
North Macedonia,2003,-691.1
North Macedonia,2004,-890.9
North Macedonia,2005,-816.5
North Macedonia,2006,-928.6
North Macedonia,2007,-1088.5
North Macedonia,2008,-1701.2
North Macedonia,2009,-1459.3
North Macedonia,2010,-1300.9
North Macedonia,2011,-1429.1
North Macedonia,2012,-1628.2
North Macedonia,2013,-1472.2
North Macedonia,2014,-1473.7
North Macedonia,2015,-1471.8
North Macedonia,2016,-1434.7
North Macedonia,2017,-1389.9
North Macedonia,2018,-1339.2
North Macedonia,2019,-1549.7
North Macedonia,2020,-1378
North Macedonia,2021,-1873.9
North Macedonia,2022,-2725
North Macedonia,2023,-1901
North Macedonia,2024,:
Norway,1975,-1535.7
Norway,1976,-2688
Norway,1977,-3309.9
Norway,1978,53.5
Norway,1979,816.3
Norway,1980,2675.6
Norway,1981,3991.9
Norway,1982,3119.6
Norway,1983,5257
Norway,1984,6739.4
Norway,1985,6059.3
Norway,1986,-2892.8
Norway,1987,-1976.7
Norway,1988,-729.6
Norway,1989,3004.2
Norway,1990,5725.4
Norway,1991,7479.6
Norway,1992,6552.9
Norway,1993,6317
Norway,1994,6271.6
Norway,1995,6902.6
Norway,1996,11147.2
Norway,1997,11270.7
Norway,1998,2593.1
Norway,1999,11073.7
Norway,2000,31461
Norway,2001,32726.4
Norway,2002,27957.3
Norway,2003,26429.1
Norway,2004,28945
Norway,2005,40928.8
Norway,2006,48147.8
Norway,2007,41138.8
Norway,2008,56280.1
Norway,2009,33980
Norway,2010,39258.3
Norway,2011,49481.5
Norway,2012,56171.3
Norway,2013,46512.5
Norway,2014,39049
Norway,2015,23498.5
Norway,2016,9255.3
Norway,2017,15519
Norway,2018,23994.9
Norway,2019,8712.1
Norway,2020,-3012.9
Norway,2021,63178.2
Norway,2022,159985.6
Norway,2023,66100.6
Norway,2024,:
Poland,1975,:
Poland,1976,:
Poland,1977,:
Poland,1978,:
Poland,1979,:
Poland,1980,:
Poland,1981,:
Poland,1982,:
Poland,1983,:
Poland,1984,:
Poland,1985,:
Poland,1986,:
Poland,1987,:
Poland,1988,:
Poland,1989,:
Poland,1990,:
Poland,1991,:
Poland,1992,:
Poland,1993,:
Poland,1994,:
Poland,1995,2351.4
Poland,1996,-1784.5
Poland,1997,-5455.8
Poland,1998,-7505.4
Poland,1999,-9458.5
Poland,2000,-12122.6
Poland,2001,-8049.6
Poland,2002,-7498.3
Poland,2003,-5286.2
Poland,2004,-5916.3
Poland,2005,-3112.4
Poland,2006,-6570.2
Poland,2007,-11955.5
Poland,2008,-19242.3
Poland,2009,-3053.2
Poland,2010,-8810.9
Poland,2011,-8681.3
Poland,2012,-3039.6
Poland,2013,4358.5
Poland,2014,1664.8
Poland,2015,8943.1
Poland,2016,12602.9
Poland,2017,13223.9
Poland,2018,10193.4
Poland,2019,19624.2
Poland,2020,29828.5
Poland,2021,18665.8
Poland,2022,11141.2
Poland,2023,43141.1
Poland,2024,33014.8
Portugal,1975,:
Portugal,1976,:
Portugal,1977,:
Portugal,1978,:
Portugal,1979,:
Portugal,1980,:
Portugal,1981,:
Portugal,1982,:
Portugal,1983,:
Portugal,1984,:
Portugal,1985,:
Portugal,1986,:
Portugal,1987,:
Portugal,1988,:
Portugal,1989,:
Portugal,1990,:
Portugal,1991,:
Portugal,1992,:
Portugal,1993,:
Portugal,1994,:
Portugal,1995,-5802.3
Portugal,1996,-6872.9
Portugal,1997,-8261.1
Portugal,1998,-10147.1
Portugal,1999,-12379.4
Portugal,2000,-14181.8
Portugal,2001,-13872.5
Portugal,2002,-11634.6
Portugal,2003,-9355
Portugal,2004,-11982.7
Portugal,2005,-13914.9
Portugal,2006,-13021.9
Portugal,2007,-13262.6
Portugal,2008,-17110.7
Portugal,2009,-12112.9
Portugal,2010,-13730.7
Portugal,2011,-7378.1
Portugal,2012,-832.7
Portugal,2013,1873
Portugal,2014,258.9
Portugal,2015,1328.7
Portugal,2016,2213.9
Portugal,2017,2106.7
Portugal,2018,1269.9
Portugal,2019,1148.1
Portugal,2020,-4013.8
Portugal,2021,-6011.4
Portugal,2022,-5856.9
Portugal,2023,3078.7
Portugal,2024,5469
Romania,1975,:
Romania,1976,:
Romania,1977,:
Romania,1978,:
Romania,1979,:
Romania,1980,:
Romania,1981,:
Romania,1982,:
Romania,1983,:
Romania,1984,:
Romania,1985,:
Romania,1986,:
Romania,1987,:
Romania,1988,:
Romania,1989,:
Romania,1990,:
Romania,1991,:
Romania,1992,:
Romania,1993,:
Romania,1994,:
Romania,1995,-1438.4
Romania,1996,-2284
Romania,1997,-2142.1
Romania,1998,-2893.8
Romania,1999,-1568.3
Romania,2000,-2169.2
Romania,2001,-3483.6
Romania,2002,-2768
Romania,2003,-3963
Romania,2004,-5519.9
Romania,2005,-8152.2
Romania,2006,-11803.1
Romania,2007,-17975.1
Romania,2008,-18857.6
Romania,2009,-8045.8
Romania,2010,-8560.2
Romania,2011,-8032.1
Romania,2012,-7212.8
Romania,2013,-1296.3
Romania,2014,-634.8
Romania,2015,-1317.9
Romania,2016,-1775.2
Romania,2017,-4636.7
Romania,2018,-7214
Romania,2019,-9460.6
Romania,2020,-9715.5
Romania,2021,-13693.9
Romania,2022,-19439.5
Romania,2023,-15523.2
Romania,2024,:
Serbia,1975,:
Serbia,1976,:
Serbia,1977,:
Serbia,1978,:
Serbia,1979,:
Serbia,1980,:
Serbia,1981,:
Serbia,1982,:
Serbia,1983,:
Serbia,1984,:
Serbia,1985,:
Serbia,1986,:
Serbia,1987,:
Serbia,1988,:
Serbia,1989,:
Serbia,1990,:
Serbia,1991,:
Serbia,1992,:
Serbia,1993,:
Serbia,1994,:
Serbia,1995,-809.9
Serbia,1996,-1248
Serbia,1997,-1758.2
Serbia,1998,-898.7
Serbia,1999,-881.1
Serbia,2000,-1404.1
Serbia,2001,-2212.5
Serbia,2002,-3029.3
Serbia,2003,-2957.7
Serbia,2004,-5029.4
Serbia,2005,-3823
Serbia,2006,-4677.3
Serbia,2007,-6634.1
Serbia,2008,-7781.3
Serbia,2009,-4327.6
Serbia,2010,-3853.1
Serbia,2011,-4535.2
Serbia,2012,-4639.5
Serbia,2013,-2991.8
Serbia,2014,-2863.1
Serbia,2015,-2515.3
Serbia,2016,-1825.6
Serbia,2017,-2643.9
Serbia,2018,-3676.7
Serbia,2019,-4644.6
Serbia,2020,-3978
Serbia,2021,-4285.2
Serbia,2022,-6628.8
Serbia,2023,-3266
Serbia,2024,:
Slovakia,1975,:
Slovakia,1976,:
Slovakia,1977,:
Slovakia,1978,:
Slovakia,1979,:
Slovakia,1980,:
Slovakia,1981,:
Slovakia,1982,:
Slovakia,1983,:
Slovakia,1984,:
Slovakia,1985,:
Slovakia,1986,:
Slovakia,1987,:
Slovakia,1988,:
Slovakia,1989,:
Slovakia,1990,:
Slovakia,1991,:
Slovakia,1992,:
Slovakia,1993,:
Slovakia,1994,:
Slovakia,1995,-92.8
Slovakia,1996,-2242.6
Slovakia,1997,-1990.7
Slovakia,1998,-2231.1
Slovakia,1999,-923.2
Slovakia,2000,-520.9
Slovakia,2001,-1768.7
Slovakia,2002,-1683.8
Slovakia,2003,-133.7
Slovakia,2004,-530.9
Slovakia,2005,-1351.9
Slovakia,2006,-1108.6
Slovakia,2007,98.3
Slovakia,2008,-1358
Slovakia,2009,-334.5
Slovakia,2010,-650.4
Slovakia,2011,63.1
Slovakia,2012,3574.9
Slovakia,2013,3623.8
Slovakia,2014,3157.2
Slovakia,2015,1576.7
Slovakia,2016,1523.1
Slovakia,2017,1070.6
Slovakia,2018,1011.7
Slovakia,2019,-32.6
Slovakia,2020,1002.2
Slovakia,2021,-464.5
Slovakia,2022,-6546.4
Slovakia,2023,1945.2
Slovakia,2024,:
Slovenia,1975,:
Slovenia,1976,:
Slovenia,1977,:
Slovenia,1978,:
Slovenia,1979,:
Slovenia,1980,:
Slovenia,1981,:
Slovenia,1982,:
Slovenia,1983,:
Slovenia,1984,:
Slovenia,1985,:
Slovenia,1986,:
Slovenia,1987,:
Slovenia,1988,:
Slovenia,1989,:
Slovenia,1990,:
Slovenia,1991,:
Slovenia,1992,:
Slovenia,1993,:
Slovenia,1994,:
Slovenia,1995,-366.3
Slovenia,1996,-211.4
Slovenia,1997,-208.4
Slovenia,1998,-334.7
Slovenia,1999,-919.1
Slovenia,2000,-804.1
Slovenia,2001,-242
Slovenia,2002,247.5
Slovenia,2003,-83.3
Slovenia,2004,-400.7
Slovenia,2005,-186.4
Slovenia,2006,-15.1
Slovenia,2007,-466.1
Slovenia,2008,-798.3
Slovenia,2009,517.2
Slovenia,2010,387.6
Slovenia,2011,453.7
Slovenia,2012,1234
Slovenia,2013,1711.6
Slovenia,2014,2546.8
Slovenia,2015,3121.8
Slovenia,2016,3455
Slovenia,2017,3862.6
Slovenia,2018,3875.1
Slovenia,2019,4175.1
Slovenia,2020,4204
Slovenia,2021,3054.7
Slovenia,2022,993.5
Slovenia,2023,4095.2
Slovenia,2024,4411.1
Spain,1975,:
Spain,1976,:
Spain,1977,:
Spain,1978,:
Spain,1979,:
Spain,1980,:
Spain,1981,:
Spain,1982,:
Spain,1983,:
Spain,1984,:
Spain,1985,:
Spain,1986,:
Spain,1987,:
Spain,1988,:
Spain,1989,:
Spain,1990,:
Spain,1991,:
Spain,1992,:
Spain,1993,:
Spain,1994,:
Spain,1995,-5160
Spain,1996,-767
Spain,1997,1067.2
Spain,1998,-2380.6
Spain,1999,-11413
Spain,2000,-19063
Spain,2001,-15843
Spain,2002,-14797
Spain,2003,-17696
Spain,2004,-31848
Spain,2005,-44717
Spain,2006,-57454
Spain,2007,-62290
Spain,2008,-52646
Spain,2009,-9291
Spain,2010,-11178
Spain,2011,2832
Spain,2012,21190
Spain,2013,39407
Spain,2014,31578
Spain,2015,32780
Spain,2016,44530
Spain,2017,42511
Spain,2018,33219
Spain,2019,37422
Spain,2020,17118
Spain,2021,12226
Spain,2022,12125
Spain,2023,58836
Spain,2024,68966
Sweden,1975,:
Sweden,1976,:
Sweden,1977,:
Sweden,1978,:
Sweden,1979,:
Sweden,1980,:
Sweden,1981,:
Sweden,1982,:
Sweden,1983,:
Sweden,1984,:
Sweden,1985,:
Sweden,1986,:
Sweden,1987,:
Sweden,1988,:
Sweden,1989,:
Sweden,1990,:
Sweden,1991,:
Sweden,1992,:
Sweden,1993,5391.9
Sweden,1994,7074.8
Sweden,1995,12243.4
Sweden,1996,13211.5
Sweden,1997,15310.9
Sweden,1998,14310.8
Sweden,1999,14166.1
Sweden,2000,14311.6
Sweden,2001,14151.1
Sweden,2002,14882.5
Sweden,2003,15818.7
Sweden,2004,20753.9
Sweden,2005,20479.4
Sweden,2006,23127.1
Sweden,2007,21126.1
Sweden,2008,18409.7
Sweden,2009,15522.8
Sweden,2010,17358.5
Sweden,2011,18202.1
Sweden,2012,18690.5
Sweden,2013,16849.8
Sweden,2014,13475.8
Sweden,2015,14748.4
Sweden,2016,11889.7
Sweden,2017,8881.4
Sweden,2018,7718.4
Sweden,2019,18829.9
Sweden,2020,20060.8
Sweden,2021,23274.4
Sweden,2022,10514.4
Sweden,2023,21575.9
Sweden,2024,:
Switzerland,1975,:
Switzerland,1976,:
Switzerland,1977,:
Switzerland,1978,:
Switzerland,1979,:
Switzerland,1980,-1977.7
Switzerland,1981,518.7
Switzerland,1982,656
Switzerland,1983,-1303.5
Switzerland,1984,3903.2
Switzerland,1985,3739
Switzerland,1986,1332.6
Switzerland,1987,2239.4
Switzerland,1988,2299.7
Switzerland,1989,2274.8
Switzerland,1990,434.9
Switzerland,1991,3066
Switzerland,1992,5590.6
Switzerland,1993,9200
Switzerland,1994,10102.9
Switzerland,1995,10222.8
Switzerland,1996,8855.9
Switzerland,1997,11760
Switzerland,1998,10236
Switzerland,1999,10471.6
Switzerland,2000,14948
Switzerland,2001,13977.8
Switzerland,2002,17539.6
Switzerland,2003,16366.6
Switzerland,2004,23043.7
Switzerland,2005,18324.3
Switzerland,2006,24548.4
Switzerland,2007,35049.5
Switzerland,2008,36695.1
Switzerland,2009,24933.7
Switzerland,2010,43483
Switzerland,2011,37876
Switzerland,2012,48599.9
Switzerland,2013,55527
Switzerland,2014,57328.4
Switzerland,2015,65802.5
Switzerland,2016,62608.8
Switzerland,2017,55882.8
Switzerland,2018,64673.2
Switzerland,2019,63175.9
Switzerland,2020,41681
Switzerland,2021,84232.4
Switzerland,2022,108492.7
Switzerland,2023,93828.6
Switzerland,2024,88490.1
Türkiye,1975,:
Türkiye,1976,:
Türkiye,1977,:
Türkiye,1978,:
Türkiye,1979,:
Türkiye,1980,:
Türkiye,1981,:
Türkiye,1982,:
Türkiye,1983,:
Türkiye,1984,:
Türkiye,1985,:
Türkiye,1986,:
Türkiye,1987,:
Türkiye,1988,:
Türkiye,1989,:
Türkiye,1990,:
Türkiye,1991,:
Türkiye,1992,:
Türkiye,1993,:
Türkiye,1994,:
Türkiye,1995,:
Türkiye,1996,:
Türkiye,1997,:
Türkiye,1998,2295.4
Türkiye,1999,-103.5
Türkiye,2000,-7733.5
Türkiye,2001,10076.4
Türkiye,2002,5603.4
Türkiye,2003,-592.7
Türkiye,2004,-5170
Türkiye,2005,-9693.7
Türkiye,2006,-17477.6
Türkiye,2007,-20232.7
Türkiye,2008,-17966.3
Türkiye,2009,-217.1
Türkiye,2010,-25185
Türkiye,2011,-43971
Türkiye,2012,-28089
Türkiye,2013,-35563.7
Türkiye,2014,-23721.4
Türkiye,2015,-15742.8
Türkiye,2016,-16978.5
Türkiye,2017,-28011.6
Türkiye,2018,-980.7
Türkiye,2019,20069.4
Türkiye,2020,-19444
Türkiye,2021,2795.1
Türkiye,2022,-34507.3
Türkiye,2023,-25195.4
Türkiye,2024,:
United Kingdom,1975,:
United Kingdom,1976,:
United Kingdom,1977,:
United Kingdom,1978,:
United Kingdom,1979,:
United Kingdom,1980,:
United Kingdom,1981,:
United Kingdom,1982,:
United Kingdom,1983,:
United Kingdom,1984,:
United Kingdom,1985,:
United Kingdom,1986,:
United Kingdom,1987,:
United Kingdom,1988,:
United Kingdom,1989,:
United Kingdom,1990,:
United Kingdom,1991,:
United Kingdom,1992,:
United Kingdom,1993,:
United Kingdom,1994,:
United Kingdom,1995,2795.6
United Kingdom,1996,1873.9
United Kingdom,1997,6149.1
United Kingdom,1998,-9972.9
United Kingdom,1999,-22629.6
United Kingdom,2000,-32083.1
United Kingdom,2001,-41671.1
United Kingdom,2002,-50762.5
United Kingdom,2003,-40624.9
United Kingdom,2004,-49795.2
United Kingdom,2005,-49649
United Kingdom,2006,-45827.5
United Kingdom,2007,-46171.5
United Kingdom,2008,-43562.6
United Kingdom,2009,-27915.5
United Kingdom,2010,-36280.7
United Kingdom,2011,-18247.9
United Kingdom,2012,-26132.4
United Kingdom,2013,-29444.5
United Kingdom,2014,-35891.7
United Kingdom,2015,-38950.7
United Kingdom,2016,-44068.2
United Kingdom,2017,-34093.8
United Kingdom,2018,-28808.3
United Kingdom,2019,-31295.2
United Kingdom,2020,:
United Kingdom,2021,:
United Kingdom,2022,:
United Kingdom,2023,:
United Kingdom,2024,:
